"id","texto_original","etiqueta_original","texto_procesado","tokens_utiles"
"1","Excelente.","positivo","excelente","excelente"
"2","Muy bueno.","positivo","bueno","bueno"
"3","Me encantó.","positivo","encantar","encantar"
"4","10/10.","positivo","num_10 num_10","num_10, num_10"
"5","Super bien.","positivo","super bien","super, bien"
"6","Todo perfecto.","positivo","perfecto","perfecto"
"7","Recomendado.","positivo","recomendado","recomendado"
"8","Sí sirve.","positivo","servir","servir"
"9","Buenísimo!!","positivo","buenísimo","buenísimo"
"10","Me gusto mucho.","positivo","gustar","gustar"
"11","Esta chido.","positivo","chido","chido"
"12","funciona bn","positivo","funcionar","funcionar"
"13","llego rapido","positivo","llego rapido","llego, rapido"
"14","muy buen producto!!!","positivo","buen producto","buen, producto"
"15","exelente compra","positivo","exelente compra","exelente, compra"
"16","me yego en buen estado","positivo","yeguir buen","yeguir, buen"
"17","todo ok","positivo","todo","todo"
"18","sin quejas","positivo","sin queja","sin, queja"
"19","jalo perfecto","positivo","jalo perfecto","jalo, perfecto"
"20","esta padre","positivo","padre","padre"
"21","El producto llegó rápido y en muy buen estado, la verdad me gustó bastante.","positivo","producto rápido buen gustar","producto, rápido, buen, gustar"
"22","Me encantó la calidad, se siente resistente y cumple perfecto con lo que necesitaba.","positivo","encantar calidad resistente cumplir perfecto necesitar","encantar, calidad, resistente, cumplir, perfecto, necesitar"
"23","Excelente compra, llegó antes de lo esperado y funciona sin fallas.","positivo","excelente compra esperado funcionar sin falla","excelente, compra, esperado, funcionar, sin, falla"
"24","Muy buen artículo, el precio está justo y la entrega fue rápida.","positivo","buen artículo precio justo entrega rápido","buen, artículo, precio, justo, entrega, rápido"
"25","El pedido llegó completo, bien empacado y sin ningún detalle.","positivo","pedido completo bien empacado sin detalle","pedido, completo, bien, empacado, sin, detalle"
"26","La app fue fácil de usar y pude comprar sin problemas.","positivo","app fácil comprar sin problema","app, fácil, comprar, sin, problema"
"27","Me gustó mucho el producto, es igual al de las fotos.","positivo","gustar producto foto","gustar, producto, foto"
"28","Buena calidad, buen tamaño y buena presentación.","positivo","buen calidad buen tamaño buen presentación","buen, calidad, buen, tamaño, buen, presentación"
"29","El envío fue puntual y el producto llegó impecable.","positivo","envío puntual producto impecable","envío, puntual, producto, impecable"
"30","Funciona perfecto desde el primer día, muy recomendable.","positivo","funcionar perfecto recomendable","funcionar, perfecto, recomendable"
"31","La tela se siente cómoda y la talla fue correcta.","positivo","tela cómodo talla correcto","tela, cómodo, talla, correcto"
"32","Los audífonos se escuchan muy bien y la batería dura bastante.","positivo","audífono escuchar bien batería duro","audífono, escuchar, bien, batería, duro"
"33","El cargador carga rápido y no se calienta, excelente.","positivo","cargador carga rápido no calentar excelente","cargador, carga, rápido, no, calentar, excelente"
"34","El juguete llegó completo y a mi sobrino le encantó.","positivo","juguete completo sobrino encantar","juguete, completo, sobrino, encantar"
"35","La crema llegó sellada y con muy buena presentación.","positivo","crema sellado buen presentación","crema, sellado, buen, presentación"
"36","El sartén es práctico y no se pega la comida.","positivo","sartén práctico no pegar comida","sartén, práctico, no, pegar, comida"
"37","Muy satisfecho con la compra, todo salió mejor de lo esperado.","positivo","satisfecho compra salir mejor esperado","satisfecho, compra, salir, mejor, esperado"
"38","El producto se ve de buena calidad y llegó sin golpes.","positivo","producto buen calidad sin golpe","producto, buen, calidad, sin, golpe"
"39","Me gustó que el paquete venía bien protegido.","positivo","gustar paquete venir bien protegido","gustar, paquete, venir, bien, protegido"
"40","Excelente atención y el pedido llegó en tiempo.","positivo","excelente atención pedido tiempo","excelente, atención, pedido, tiempo"
"41","La mochila está amplia, bonita y con buenos acabados.","positivo","mochilo amplio bonito buen acabado","mochilo, amplio, bonito, buen, acabado"
"42","Los tenis son cómodos y se ven de buena calidad.","positivo","tenis cómodo buen calidad","tenis, cómodo, buen, calidad"
"43","La bocina suena fuerte y claro, superó mis expectativas.","positivo","bocina sonar fuerte superar expectativa","bocina, sonar, fuerte, superar, expectativa"
"44","El reloj llegó funcionando bien y se ve elegante.","positivo","reloj funcionar bien elegante","reloj, funcionar, bien, elegante"
"45","Me encantó el diseño, se ve moderno y resistente.","positivo","encantar diseño moderno resistente","encantar, diseño, moderno, resistente"
"46","La compra fue sencilla, rápida y segura.","positivo","compra sencillo rápido seguro","compra, sencillo, rápido, seguro"
"47","El producto cumple muy bien con lo que promete.","positivo","producto cumplir bien prometer","producto, cumplir, bien, prometer"
"48","Llegó antes de la fecha indicada, muy buen servicio.","positivo","fecha indicado buen servicio","fecha, indicado, buen, servicio"
"49","Todo venía completo, con accesorios y manual.","positivo","venir completo accesorio manual","venir, completo, accesorio, manual"
"50","El artículo está bonito y se nota que es durable.","positivo","artículo bonito notar durable","artículo, bonito, notar, durable"
"51","Me gustó mucho, sin duda volvería a comprar.","positivo","gustar sin duda volver comprar","gustar, sin, duda, volver, comprar"
"52","Buena relación calidad precio, lo recomiendo.","positivo","buen relación calidad precio recomeir","buen, relación, calidad, precio, recomeir"
"53","El producto llegó limpio, nuevo y en buenas condiciones.","positivo","producto limpio buena condición","producto, limpio, buena, condición"
"54","La licuadora tiene buena potencia y funciona excelente.","positivo","licuadora buen potencia funcionar excelente","licuadora, buen, potencia, funcionar, excelente"
"55","La camiseta tiene buen color y la tela está suave.","positivo","camiseta buen color tela suave","camiseta, buen, color, tela, suave"
"56","El producto se instaló rápido y funciona al cien.","positivo","producto instalar rápido funcionar","producto, instalar, rápido, funcionar"
"57","Muy buena experiencia, no tuve ningún inconveniente.","positivo","buen experiencia no inconveniente","buen, experiencia, no, inconveniente"
"58","El empaque venía perfecto y el artículo sin daños.","positivo","empaque venir perfecto artículo sin daño","empaque, venir, perfecto, artículo, sin, daño"
"59","El pedido llegó rápido y exactamente como lo solicité.","positivo","pedido rápido exactamente solicitar","pedido, rápido, exactamente, solicitar"
"60","Me gustó la calidad del material, se siente firme.","positivo","gustar calidad material firme","gustar, calidad, material, firme"
"61","El producto es práctico y fácil de usar.","positivo","producto práctico fácil","producto, práctico, fácil"
"62","Todo correcto, el pago fue rápido y el envío también.","positivo","correcto pago rápido envío","correcto, pago, rápido, envío"
"63","Excelente producto para el precio que tiene.","positivo","excelente producto precio","excelente, producto, precio"
"64","El artículo llegó muy bien cuidado, sin rayones.","positivo","artículo bien cuidado sin rayón","artículo, bien, cuidado, sin, rayón"
"65","La talla coincidió perfectamente con la guía.","positivo","talla coincidir perfectamente guía","talla, coincidir, perfectamente, guía"
"66","La batería dura bastante, mejor de lo que esperaba.","positivo","batería duro mejor esperar","batería, duro, mejor, esperar"
"67","La presentación del producto es muy buena.","positivo","presentación producto buen","presentación, producto, buen"
"68","El vendedor atendió rápido y resolvió mis dudas.","positivo","vendedor atender rápido resolver duda","vendedor, atender, rápido, resolver, duda"
"69","La entrega fue muy rápida y el producto excelente.","positivo","entrega rápido producto excelente","entrega, rápido, producto, excelente"
"70","Estoy contento con la compra, funciona muy bien.","positivo","contento compra funcionar bien","contento, compra, funcionar, bien"
"71","El producto es bonito, útil y de buena calidad.","positivo","producto bonito útil buen calidad","producto, bonito, útil, buen, calidad"
"72","Llegó en tiempo y forma, todo sin problemas.","positivo","tiempo formar sin problema","tiempo, formar, sin, problema"
"73","Me sorprendió la calidad, está mejor de lo que pensé.","positivo","sorprender calidad mejor pensar","sorprender, calidad, mejor, pensar"
"74","Es justo lo que buscaba, cumple perfectamente.","positivo","justo buscar cumplir perfectamente","justo, buscar, cumplir, perfectamente"
"75","Muy recomendable, el artículo llegó en perfecto estado.","positivo","recomendable artículo perfecto","recomendable, artículo, perfecto"
"76","La app mostró bien el seguimiento y el pedido llegó rápido.","positivo","app mostrar bien seguimiento pedido rápido","app, mostrar, bien, seguimiento, pedido, rápido"
"77","El producto se ve original y funciona correctamente.","positivo","producto original funcionar correctamente","producto, original, funcionar, correctamente"
"78","El empaque estaba cerrado y bien protegido.","positivo","empaque cerrado bien protegido","empaque, cerrado, bien, protegido"
"79","La compra fue muy buena, el producto salió excelente.","positivo","compra buen producto salir excelente","compra, buen, producto, salir, excelente"
"80","Me gustó porque es fácil de usar y se ve resistente.","positivo","gustar fácil resistente","gustar, fácil, resistente"
"81","El envío fue seguro y el paquete llegó completo.","positivo","envío seguro paquete completo","envío, seguro, paquete, completo"
"82","La calidad del producto es muy buena por el precio.","positivo","calidad producto buen precio","calidad, producto, buen, precio"
"83","El producto llegó sin fallas y listo para usar.","positivo","producto sin falla listo","producto, sin, falla, listo"
"84","La chamarra está cómoda y se ve de buena calidad.","positivo","chamarra cómodo buen calidad","chamarra, cómodo, buen, calidad"
"85","El set de cocina llegó completo y muy bien empacado.","positivo","set cocina completo bien empacado","set, cocina, completo, bien, empacado"
"86","La crema funciona bien y llegó en buen estado.","positivo","crema funcionar bien buen","crema, funcionar, bien, buen"
"87","La bocina tiene buen volumen y buen diseño.","positivo","bocina buen volumen buen diseño","bocina, buen, volumen, buen, diseño"
"88","El producto cumplió todas mis expectativas.","positivo","producto cumplir expectativa","producto, cumplir, expectativa"
"89","Excelente compra, no tengo ninguna queja.","positivo","excelente compra no queja","excelente, compra, no, queja"
"90","Todo llegó perfecto, se nota el cuidado en el envío.","positivo","perfecto notar cuidado envío","perfecto, notar, cuidado, envío"
"91","El artículo es resistente y se ve muy bien.","positivo","artículo resistente bien","artículo, resistente, bien"
"92","Muy buena calidad, lo recomiendo ampliamente.","positivo","buen calidad recomeir ampliamente","buen, calidad, recomeir, ampliamente"
"93","El pedido llegó antes de lo prometido y sin detalles.","positivo","pedido prometido sin detalle","pedido, prometido, sin, detalle"
"94","Me gustó mucho el producto, volvería a pedirlo.","positivo","gustar producto volver","gustar, producto, volver"
"95","El servicio fue rápido y el producto llegó excelente.","positivo","servicio rápido producto excelente","servicio, rápido, producto, excelente"
"96","La compra fue mejor de lo que esperaba porque el producto venía bien protegido, llegó antes de la fecha marcada y desde el primer uso funcionó correctamente.","positivo","compra mejor esperar producto venir bien protegido fecha marcado uso funcionar correctamente","compra, mejor, esperar, producto, venir, bien, protegido, fecha, marcado, uso, funcionar, correctamente"
"97","Aunque no conocía la tienda, la experiencia fue muy buena: el pago se realizó sin problemas, el seguimiento fue claro y el artículo llegó completo.","positivo","aunque no tienda experiencia buen pago sin problema seguimiento artículo completo","aunque, no, tienda, experiencia, buen, pago, sin, problema, seguimiento, artículo, completo"
"98","El producto me sorprendió bastante porque se siente resistente, tiene buen acabado y el precio fue razonable para la calidad que ofrece.","positivo","producto sorprender resistente buen acabado precio razonable calidad ofrecer","producto, sorprender, resistente, buen, acabado, precio, razonable, calidad, ofrecer"
"99","Lo compré para uso diario y hasta ahora ha funcionado excelente, no se ha calentado, no presentó fallas y llegó en perfectas condiciones.","positivo","comprar uso diario funcionar excelente no calentar no presentar falla perfecto condición","comprar, uso, diario, funcionar, excelente, no, calentar, no, presentar, falla, perfecto, condición"
"100","Me agradó que el paquete llegara cerrado y con buena protección; además, el artículo era exactamente como aparecía en la publicación.","positivo","agradar paquete llegar cerrado buen protección artículo exactamente aparecer publicación","agradar, paquete, llegar, cerrado, buen, protección, artículo, exactamente, aparecer, publicación"
"101","Me gustó el cargador, se ve resistente y de buena calidad.","positivo","gustar cargador resistente buen calidad","gustar, cargador, resistente, buen, calidad"
"102","Buen producto, el plancha de cabello cumple con lo prometido. jeje","positivo","buen producto plancha cabello cumplir prometido jeje","buen, producto, plancha, cabello, cumplir, prometido, jeje"
"103","La compra del pantalón fue sencilla y llegó sin problemas.","positivo","compra pantalón sencillo sin problema","compra, pantalón, sencillo, sin, problema"
"104","pues Todo bien con el peluche, llegó completo.","positivo","bien peluche completo","bien, peluche, completo"
"105","Buen producto, el gel cumple con lo prometido.","positivo","buen producto gel cumplir prometido","buen, producto, gel, cumplir, prometido"
"106","La compra del jabón fue sencilla y llegó sin problemas.","positivo","compra jabón sencillo sin problema","compra, jabón, sencillo, sin, problema"
"107","El muñeca superó mis expectativas, lo recomiendo.","positivo","muñeca superar expectativa recomeir","muñeca, superar, expectativa, recomeir"
"108","ok, El vaso tiene buen precio y buena presentación.","positivo","vaso buen precio buen presentación","vaso, buen, precio, buen, presentación"
"109","El rompecabezas está mejor de lo que esperaba.","positivo","rompecabezas mejor esperar","rompecabezas, mejor, esperar"
"110","pues El rasuradora llegó rápido y funciona muy bien.","positivo","rasuradora rápido funcionar bien","rasuradora, rápido, funcionar, bien"
"111","mmm Me gustó el pelota, se ve resistente y de buena calidad.!!!","positivo","mmm gustar pelota resistente buen calidad","mmm, gustar, pelota, resistente, buen, calidad"
"112","La compra del rasuradora fue sencilla y llegó sin problemas.!!!","positivo","compra rasuradora sencillo sin problema","compra, rasuradora, sencillo, sin, problema"
"113","La compra del tenis fue sencilla y llegó sin problemas.","positivo","compra tenis sencillo sin problema","compra, tenis, sencillo, sin, problema"
"114","Todo bien con el pantalón, llegó completo.","positivo","bien pantalón completo","bien, pantalón, completo"
"115","El pantalón llegó rápido y funciona muy bien.","positivo","pantalón rápido funcionar bien","pantalón, rápido, funcionar, bien"
"116","mmm Muy buen gorra, no tuve fallas ni detalles. :)","positivo","mmm buen gorra no falla detalle","mmm, buen, gorra, no, falla, detalle"
"117","Muy buen shampoo, no tuve fallas ni detalles.","positivo","buen shampoo no falla detalle","buen, shampoo, no, falla, detalle"
"118","La compra del plancha de cabello fue sencilla y llegó sin problemas.","positivo","compra plancha cabello sencillo sin problema","compra, plancha, cabello, sencillo, sin, problema"
"119","El drone infantil está mejor de lo que esperaba.","positivo","drone infantil mejor esperar","drone, infantil, mejor, esperar"
"120","La compra del cable USB fue sencilla y llego sin problemas.","positivo","compra cable usb sencillo llego sin problema","compra, cable, usb, sencillo, llego, sin, problema"
"121","Me gustó el lámpara led, se ve resistente y de buena calidad.","positivo","gustar lámpara led resistente buen calidad","gustar, lámpara, led, resistente, buen, calidad"
"122","ok, Muy buen molde, no tuve fallas ni detalles. pero bueno","positivo","buen molde no falla detalle pero bueno","buen, molde, no, falla, detalle, pero, bueno"
"123","Todo bien con el audífonos, llegó completo.","positivo","bien audífono completo","bien, audífono, completo"
"124","El power bank superó mis expectativas, lo recomiendo. pero bueno","positivo","power bank superar expectativa recomeir pero bueno","power, bank, superar, expectativa, recomeir, pero, bueno"
"125","Todo bien con el jabón, llegó completo. :(","positivo","bien jabón completo","bien, jabón, completo"
"126","mmm Todo bien con el molde, llegó completo.!!!","positivo","mmm bien molde completo","mmm, bien, molde, completo"
"127","Me gustó el rompecabezas, se ve resistente y de buena calidad.","positivo","gustar rompecabeza resistente buen calidad","gustar, rompecabeza, resistente, buen, calidad"
"128","Excelente sudadera, llegó bien empacado y listo para usar.","positivo","excelente sudadera bien empacado listo","excelente, sudadera, bien, empacado, listo"
"129","Me gustó el jabón, se ve resistente y de buena calidad.","positivo","gustar jabón resistente buen calidad","gustar, jabón, resistente, buen, calidad"
"130","ok, Todo bien con el tenis, llegó completo. :)","positivo","bien tenis completo","bien, tenis, completo"
"131","mmm La compra del perfume fue sencilla y llegó sin problemas. pero bueno","positivo","mmmir compra perfume sencillo sin problema pero bueno","mmmir, compra, perfume, sencillo, sin, problema, pero, bueno"
"132","El power bank tiene buen precio y buena presentación. la neta","positivo","power bank buen precio buen presentación neta","power, bank, buen, precio, buen, presentación, neta"
"133","El pantalón está mejor de lo que esperaba. :)","positivo","pantalón mejor esperar","pantalón, mejor, esperar"
"134","El mouse superó mis expectativas, lo recomiendo.","positivo","mouse superar expectativa recomeir","mouse, superar, expectativa, recomeir"
"135","El mochila tiene buen precio y buena presentación.","positivo","mochila buen precio buen presentación","mochila, buen, precio, buen, presentación"
"136","El freidora está mejor de lo que esperaba.","positivo","freidora mejor esperar","freidora, mejor, esperar"
"137","ok, Muy buen chamarra, no tuve fallas ni detalles. la neta","positivo","buen chamarra no falla detalle neta","buen, chamarra, no, falla, detalle, neta"
"138","El secadora tiene buen precio y buena presentación.","positivo","secadora buen precio buen presentación","secadora, buen, precio, buen, presentación"
"139","la verdad El tablet superó mis expectativas, lo recomiendo. en fin","positivo","tablet superar expectativa recomeir","tablet, superar, expectativa, recomeir"
"140","la verdad Muy buen camiseta, no tuve fallas ni detalles.","positivo","buen camiseta no falla detalle","buen, camiseta, no, falla, detalle"
"141","Todo bien con el tablet, llegó completo.","positivo","bien tablet completo","bien, tablet, completo"
"142","Muy buen reloj inteligente, no tuve fallas ni detalles. jeje","positivo","buen reloj inteligente no falla detalle jeje","buen, reloj, inteligente, no, falla, detalle, jeje"
"143","El blusa tiene buen precio y buena presentación.","positivo","blusa buen precio buen presentación","blusa, buen, precio, buen, presentación"
"144","Todo bien con el rasuradora, llegó completo.","positivo","bien rasuradora completo","bien, rasuradora, completo"
"145","La compra del reloj inteligente fue sencilla y llegó sin problemas.","positivo","compra reloj inteligente sencillo sin problema","compra, reloj, inteligente, sencillo, sin, problema"
"146","sinceramente El reloj inteligente superó mis expectativas, lo recomiendo. en fin","positivo","sinceramente reloj inteligente superar expectativa recomeir","sinceramente, reloj, inteligente, superar, expectativa, recomeir"
"147","Todo bien con el tenis, llegó completo.!!!","positivo","bien tenis completo","bien, tenis, completo"
"148","la verdad La compra del set de bloques fue sencilla y llegó sin problemas.","positivo","compra set bloque sencillo sin problema","compra, set, bloque, sencillo, sin, problema"
"149","Muy buen rasuradora, no tuve fallas ni detalles.","positivo","buen rasuradora no falla detalle","buen, rasuradora, no, falla, detalle"
"150","Excelente mochila, llegó bien empacado y listo para usar.","positivo","excelente mochila bien empacado listo","excelente, mochila, bien, empacado, listo"
"151","Malo.","negativo","malo","malo"
"152","No sirve.","negativo","no servir","no, servir"
"153","Pésimo.","negativo","pésimo","pésimo"
"154","No llegó.","negativo","no","no"
"155","Muy mal.","negativo","mucho mal","mucho, mal"
"156","Defectuoso.","negativo","defectuoso","defectuoso"
"157","No prende.","negativo","no prender","no, prender"
"158","Horrible.","negativo","horrible","horrible"
"159","Nada que ver.","negativo","nada que ver","nada, que, ver"
"160","Decepcionante.","negativo","decepcionante","decepcionante"
"161","no jalo","negativo","no jalir","no, jalir"
"162","llego roto","negativo","llego roto","llego, roto"
"163","no funsiona","negativo","no funsionar","no, funsionar"
"164","mala compra","negativo","malo compra","malo, compra"
"165","venia avierto","negativo","venia avierto","venia, avierto"
"166","tardo muchisimo","negativo","tardo muchisimo","tardo, muchisimo"
"167","que mal servicio","negativo","servicio","servicio"
"168","no me gusto","negativo","no gustar","no, gustar"
"169","pesima calidad!!!","negativo","pesimo calidad","pesimo, calidad"
"170","me cobraron doble","negativo","cobrar doble","cobrar, doble"
"171","El producto llegó dañado y no funcionó desde que lo saqué de la caja.","negativo","producto dañado no funcionar saqué caja","producto, dañado, no, funcionar, saqué, caja"
"172","Muy mala calidad, se rompió al primer uso.","negativo","malo calidad romper uso","malo, calidad, romper, uso"
"173","El pedido tardó demasiado y llegó todo golpeado.","negativo","pedido tardar golpeado","pedido, tardar, golpeado"
"174","No es igual al de la foto, me sentí engañado.","negativo","no foto sentir engañar","no, foto, sentir, engañar"
"175","El vendedor nunca respondió mis mensajes.","negativo","vendedor nunca responder mensaje","vendedor, nunca, responder, mensaje"
"176","El artículo llegó incompleto, faltaban piezas importantes.","negativo","artículo incompleto faltar pieza importante","artículo, incompleto, faltar, pieza, importante"
"177","La calidad es muy baja para el precio que pagué.","negativo","calidad bajo precio pagar","calidad, bajo, precio, pagar"
"178","El producto venía abierto y con señales de uso.","negativo","producto venir abierto señal uso","producto, venir, abierto, señal, uso"
"179","No lo recomiendo, dejó de funcionar al segundo día.","negativo","no recomeir funcionar","no, recomeir, funcionar"
"180","La caja llegó aplastada y el producto estaba rayado.","negativo","caja aplastado producto rayado","caja, aplastado, producto, rayado"
"181","La talla no corresponde, viene mucho más chica.","negativo","talla no corresponder venir chico","talla, no, corresponder, venir, chico"
"182","El cargador se calienta demasiado, no me da confianza usarlo.","negativo","cargador calentar no confianza","cargador, calentar, no, confianza"
"183","Los audífonos se escuchan mal y uno no prende.","negativo","audífono escuchar no prender","audífono, escuchar, no, prender"
"184","La bocina llegó golpeada y con un ruido raro.","negativo","bocina golpeado ruido raro","bocina, golpeado, ruido, raro"
"185","El producto huele muy feo, parece de mala calidad.","negativo","producto oler feo malo calidad","producto, oler, feo, malo, calidad"
"186","No cumple con la descripción, nada que ver con lo anunciado.","negativo","no cumplir descripción anunciado","no, cumplir, descripción, anunciado"
"187","Me llegó un producto diferente al que compré.","negativo","producto comprar","producto, comprar"
"188","El material es muy frágil y se siente barato.","negativo","material frágil barato","material, frágil, barato"
"189","La app falló al pagar y aun así me hicieron el cargo.","negativo","app fallar pagar cargo","app, fallar, pagar, cargo"
"190","El pedido llegó tarde y nadie me avisó nada.","negativo","pedido tarde avisar","pedido, tarde, avisar"
"191","La prenda llegó manchada y mal empacada.","negativo","prenda manchado empacado","prenda, manchado, empacado"
"192","El juguete llegó sin una pieza y no se puede usar.","negativo","juguete sin pieza no","juguete, sin, pieza, no"
"193","La crema venía abierta, no me dio confianza.","negativo","crema venir abierto no confianza","crema, venir, abierto, no, confianza"
"194","El sartén se rayó desde el primer uso.","negativo","sartén rayar uso","sartén, rayar, uso"
"195","El producto no prende, llegó defectuoso.","negativo","producto no prender defectuoso","producto, no, prender, defectuoso"
"196","Muy mala compra, esperaba algo mejor por ese precio.","negativo","malo compra esperar mejor precio","malo, compra, esperar, mejor, precio"
"197","El empaque estaba roto y el producto sucio.","negativo","empaque roto producto sucio","empaque, roto, producto, sucio"
"198","No sirve como lo prometen, fue dinero perdido.","negativo","no servir prometer dinero perdido","no, servir, prometer, dinero, perdido"
"199","La batería dura muy poco, no cumple lo anunciado.","negativo","batería duro no cumplir anunciado","batería, duro, no, cumplir, anunciado"
"200","El artículo llegó con golpes y sin protección.","negativo","artículo golpe sin protección","artículo, golpe, sin, protección"
"201","El color es diferente al que pedí.","negativo","color pedir","color, pedir"
"202","La tela está muy delgada y se siente corriente.","negativo","tela delgado corriente","tela, delgado, corriente"
"203","El producto se desarmó al poco tiempo de usarlo.","negativo","producto desarmar tiempo","producto, desarmar, tiempo"
"204","El vendedor canceló tarde y no explicó el motivo.","negativo","vendedor cancelar tarde no motivo","vendedor, cancelar, tarde, no, motivo"
"205","La entrega fue lenta y el paquete llegó maltratado.","negativo","entrega lento paquete maltratado","entrega, lento, paquete, maltratado"
"206","No pude usarlo porque venía sin instrucciones.","negativo","no venir sin instrucción","no, venir, sin, instrucción"
"207","El producto parece imitación, no se ve original.","negativo","producto imitación no original","producto, imitación, no, original"
"208","Compré dos piezas y una llegó rota.","negativo","comprar pieza rota","comprar, pieza, rota"
"209","No me gustó nada, la calidad es deficiente.","negativo","no gustar calidad deficiente","no, gustar, calidad, deficiente"
"210","El cierre de la mochila se rompió el primer día.","negativo","cierre mochila romper","cierre, mochila, romper"
"211","Los zapatos lastiman y la talla está mal.","negativo","zapato lastimar talla","zapato, lastimar, talla"
"212","El reloj llegó sin funcionar y con la pantalla rayada.","negativo","reloj sin funcionar pantalla rayado","reloj, sin, funcionar, pantalla, rayado"
"213","El artículo no trae los accesorios que muestra la publicación.","negativo","artículo no traer accesorio mostrar publicación","artículo, no, traer, accesorio, mostrar, publicación"
"214","El producto llegó mojado dentro del paquete.","negativo","producto mojado paquete","producto, mojado, paquete"
"215","La compra fue complicada y el soporte no ayudó.","negativo","compra complicar soporte no ayudar","compra, complicar, soporte, no, ayudar"
"216","La licuadora hace mucho ruido y huele a quemado.","negativo","licuadora ruido oler quemado","licuadora, ruido, oler, quemado"
"217","El producto no tiene la potencia que decía la descripción.","negativo","producto no potencia descripción","producto, no, potencia, descripción"
"218","Estoy muy decepcionado, no volvería a comprar aquí.","negativo","decepcionado no volver comprar","decepcionado, no, volver, comprar"
"219","La caja llegó abierta y faltaba el manual.","negativo","caja abierto faltar manual","caja, abierto, faltar, manual"
"220","El material se rompió con un uso normal.","negativo","material romper uso normal","material, romper, uso, normal"
"221","El pedido llegó incompleto y nadie resolvió mi reclamo.","negativo","pedido incompleto resolver reclamo","pedido, incompleto, resolver, reclamo"
"222","El producto venía rayado, parecía usado.","negativo","producto venir rayado parecer usado","producto, venir, rayado, parecer, usado"
"223","La app marcaba entregado pero no recibí nada.","negativo","app marcar entregado pero no recibir","app, marcar, entregado, pero, no, recibir"
"224","El artículo es mucho más pequeño que en la imagen.","negativo","artículo pequeño imagen","artículo, pequeño, imagen"
"225","No carga bien, se desconecta a cada rato.","negativo","no carga bien desconectar rato","no, carga, bien, desconectar, rato"
"226","El producto llegó tarde y además venía defectuoso.","negativo","producto tarde venir defectuoso","producto, tarde, venir, defectuoso"
"227","La calidad no justifica el precio, está muy malo.","negativo","calidad no justificar precio malo","calidad, no, justificar, precio, malo"
"228","El vendedor prometió enviar repuesto y ya no contestó.","negativo","vendedor prometer enviar repuesto no contestar","vendedor, prometer, enviar, repuesto, no, contestar"
"229","No me sirvió, las medidas publicadas están mal.","negativo","no servir medida publicado","no, servir, medida, publicado"
"230","El producto falló después de unos minutos de uso.","negativo","producto fallar minuto uso","producto, fallar, minuto, uso"
"231","La costura viene mal hecha y se empezó a abrir.","negativo","costura venir empezar abrir","costura, venir, empezar, abrir"
"232","El artículo no coincide con la descripción de la tienda.","negativo","artículo no coincidir descripción tienda","artículo, no, coincidir, descripción, tienda"
"233","El empaque no protegió nada, llegó todo golpeado.","negativo","empaque no proteger golpeado","empaque, no, proteger, golpeado"
"234","Muy mala experiencia, el pedido llegó equivocado.","negativo","malo experiencia pedido equivocado","malo, experiencia, pedido, equivocado"
"235","El producto no es resistente, se dobló muy fácil.","negativo","producto no resistente doblar fácil","producto, no, resistente, doblar, fácil"
"236","La crema llegó caducada, eso no debería pasar.","negativo","crema caducado no deber pasar","crema, caducado, no, deber, pasar"
"237","La atención fue lenta y no solucionaron el problema.","negativo","atención lento no solucionar problema","atención, lento, no, solucionar, problema"
"238","El juguete no prende aunque le puse pilas nuevas.","negativo","juguete no prender aunque posar pila","juguete, no, prender, aunque, posar, pila"
"239","El producto es incómodo y de mala fabricación.","negativo","producto incómodo malo fabricación","producto, incómodo, malo, fabricación"
"240","No sirve para lo que se anuncia, me decepcionó.","negativo","no servir anunciar decepcionar","no, servir, anunciar, decepcionar"
"241","El paquete llegó sin sellos y con el artículo maltratado.","negativo","paquete sin sello artículo maltratado","paquete, sin, sello, artículo, maltratado"
"242","El color se despintó después del primer lavado.","negativo","color despintar lavado","color, despintar, lavado"
"243","El producto llegó con piezas flojas y mal armado.","negativo","producto pieza flojo armado","producto, pieza, flojo, armado"
"244","Me cobraron envío aunque decía que era gratis.","negativo","cobrar envío aunque gratis","cobrar, envío, aunque, gratis"
"245","No recomiendo comprarlo, salió defectuoso y caro.","negativo","no recomeir salir defectuoso caro","no, recomeir, salir, defectuoso, caro"
"246","La experiencia fue mala desde el inicio: la app marcó error al pagar, después el pedido apareció como enviado y finalmente llegó un producto diferente.","negativo","experiencia malo inicio app marcar error pagar pedido aparecer enviado finalmente producto","experiencia, malo, inicio, app, marcar, error, pagar, pedido, aparecer, enviado, finalmente, producto"
"247","El paquete venía abierto, el producto tenía marcas de uso y al intentar reportarlo no recibí una respuesta clara del vendedor.","negativo","paquete venir abierto producto marca uso intentar no recibir respuesta vendedor","paquete, venir, abierto, producto, marca, uso, intentar, no, recibir, respuesta, vendedor"
"248","Me decepcionó porque la publicación prometía buena calidad, pero el material se siente débil y el artículo falló casi de inmediato.","negativo","decepcionar publicación prometer buen calidad pero material débil artículo fallar inmediato","decepcionar, publicación, prometer, buen, calidad, pero, material, débil, artículo, fallar, inmediato"
"249","No pude usar el producto porque llegó incompleto, sin manual y con una pieza rota; además, el soporte tardó demasiado en contestar.","negativo","no producto incompleto sin manual pieza roto soporte tardar contestar","no, producto, incompleto, sin, manual, pieza, roto, soporte, tardar, contestar"
"250","El pedido llegó varios días tarde y en malas condiciones, la caja estaba aplastada y el artículo no funcionó correctamente.","negativo","pedido tarde mala condición caja aplastado artículo no funcionar correctamente","pedido, tarde, mala, condición, caja, aplastado, artículo, no, funcionar, correctamente"
"251","pues El set de bloques tardó mucho en llegar y llegó maltratado. pero bueno","negativo","set bloque tardar llegar maltratado pero bueno","set, bloque, tardar, llegar, maltratado, pero, bueno"
"252","Muy mala calidad del audífonos, no lo recomiendo.","negativo","malo calidad audífono no recomeir","malo, calidad, audífono, no, recomeir"
"253","Muy mala calidad del mouse, no lo recomiendo.","negativo","malo calidad mouse no recomeir","malo, calidad, mouse, no, recomeir"
"254","El muñeca venía abierto y con señales de uso.","negativo","muñeca venir abierto señal uso","muñeca, venir, abierto, señal, uso"
"255","pues El blusa no coincide con la descripción. en fin","negativo","blusa no coincidir descripción","blusa, no, coincidir, descripción"
"256","Muy mala calidad del cable USB, no lo recomiendo. en fin","negativo","malo calidad cable usb no recomeir","malo, calidad, cable, usb, no, recomeir"
"257","No sirve el mochila, fue dinero perdido.","negativo","no servir mochila dinero perdido","no, servir, mochila, dinero, perdido"
"258","El licuadora se rompió al poco tiempo de usarlo.","negativo","licuadora romper tiempo","licuadora, romper, tiempo"
"259","El bocina tardó mucho en llegar y llegó maltratado. :(","negativo","bocina tardar llegar maltratado","bocina, tardar, llegar, maltratado"
"260","El perfume se rompió al poco tiempo de usarlo.","negativo","perfume romper tiempo","perfume, romper, tiempo"
"261","mmm El vaso venía abierto y con señales de uso. en fin","negativo","mmm vaso venir abierto señal uso","mmm, vaso, venir, abierto, señal, uso"
"262","El short llegó dañado y no funciona.","negativo","short dañado no funcionar","short, dañado, no, funcionar"
"263","la verdad El muñeca llegó dañado y no funciona.","negativo","muñeca dañado no funcionar","muñeca, dañado, no, funcionar"
"264","El peluche se rompió al poco tiempo de usarlo.","negativo","peluche romper tiempo","peluche, romper, tiempo"
"265","No me gustó el tenis, se siente barato.","negativo","no gustar tenis barato","no, gustar, tenis, barato"
"266","mmm Pésima compra, el cargador falló rápido. jeje","negativo","mmm pésimo comprar cargador fallar rápido jeje","mmm, pésimo, comprar, cargador, fallar, rápido, jeje"
"267","No me gustó el gorra, se siente barato. jeje","negativo","no gustar gorra barato jeje","no, gustar, gorra, barato, jeje"
"268","sinceramente El pantalón llegó incompleto y nadie resolvió. la neta","negativo","sinceramente pantalón incompleto resolver neta","sinceramente, pantalón, incompleto, resolver, neta"
"269","la verdad No me gustó el pantalón, se siente barato. jeje","negativo","no gustar pantalón barato jeje","no, gustar, pantalón, barato, jeje"
"270","ok, Muy mala calidad del protector solar, no lo recomiendo. en fin","negativo","malo calidad protector solar no recomeir","malo, calidad, protector, solar, no, recomeir"
"271","El power bank llegó dañado y no funciona.","negativo","power bank dañado no funcionar","power, bank, dañado, no, funcionar"
"272","ok, No sirve el zapatos, fue dinero perdido. la neta","negativo","no servir zapato dinero perdido neta","no, servir, zapato, dinero, perdido, neta"
"273","El drone infantil no coincide con la descripción.","negativo","drone infantil no coincidir descripción","drone, infantil, no, coincidir, descripción"
"274","Pésima compra, el freidora falló rápido. jeje","negativo","pésimo comprar freidora fallar rápido jeje","pésimo, comprar, freidora, fallar, rápido, jeje"
"275","mmm El drone infantil no coincide con la descripción. la neta","negativo","mmmir drone infantil no coincidir descripción neta","mmmir, drone, infantil, no, coincidir, descripción, neta"
"276","Muy mala calidad del secadora, no lo recomiendo.","negativo","malo calidad secadora no recomeir","malo, calidad, secadora, no, recomeir"
"277","Pésima compra, el juguete falló rápido.","negativo","pésimo comprar juguete fallar rápido","pésimo, comprar, juguete, fallar, rápido"
"278","El chamarra venía abierto y con señales de uso.","negativo","chamarra venir abierto señal uso","chamarra, venir, abierto, señal, uso"
"279","El tabla para picar venía abierto y con señales de uso.","negativo","tabla picar venir abierto señal uso","tabla, picar, venir, abierto, señal, uso"
"280","ok, El short llegó dañado y no funciona. la neta","negativo","short dañado no funcionar neta","short, dañado, no, funcionar, neta"
"281","sinceramente El cepillo llegó incompleto y nadie resolvió.!!!","negativo","sinceramente cepillo incompleto resolver","sinceramente, cepillo, incompleto, resolver"
"282","El olla tardó mucho en llegar y llegó maltratado.","negativo","olla tardar llegar maltratado","olla, tardar, llegar, maltratado"
"283","pues Muy mala calidad del jabón, no lo recomiendo. :)","negativo","malo calidad jabón no recomeir","malo, calidad, jabón, no, recomeir"
"284","sinceramente El cargador venía abierto y con señales de uso.","negativo","sinceramente cargador venir abierto señal uso","sinceramente, cargador, venir, abierto, señal, uso"
"285","No sirve el chamarra, fue dinero perdido.","negativo","no servir chamarra dinero perdido","no, servir, chamarra, dinero, perdido"
"286","Pésima compra, el sudadera falló rápido.","negativo","pésimo comprar sudadera fallar rápido","pésimo, comprar, sudadera, fallar, rápido"
"287","No me gustó el camiseta, se siente barato.","negativo","no gustar camiseta barato","no, gustar, camiseta, barato"
"288","El reloj inteligente llegó incompleto y nadie resolvió.","negativo","reloj inteligente incompleto resolver","reloj, inteligente, incompleto, resolver"
"289","sinceramente Muy mala calidad del juego de mesa, no lo recomiendo. en fin","negativo","sinceramente malo calidad juego mesa no recomeir","sinceramente, malo, calidad, juego, mesa, no, recomeir"
"290","No sirve el juguete, fue dinero perdido.","negativo","no servir juguete dinero perdido","no, servir, juguete, dinero, perdido"
"291","No sirve el secadora, fue dinero perdido.","negativo","no servir secadora dinero perdido","no, servir, secadora, dinero, perdido"
"292","El figura se rompió al poco tiempo de usarlo.","negativo","figura romper tiempo","figura, romper, tiempo"
"293","la verdad El figura llegó incompleto y nadie resolvió. :(","negativo","figura incompleto resolver","figura, incompleto, resolver"
"294","pues Muy mala calidad del perfume, no lo recomiendo. la neta","negativo","malo calidad perfume no recomeir neta","malo, calidad, perfume, no, recomeir, neta"
"295","la verdad El teclado se rompió al poco tiempo de usarlo. jeje","negativo","teclado romper tiempo jeje","teclado, romper, tiempo, jeje"
"296","No me gustó el mouse, se siente barato.","negativo","no gustar mouse barato","no, gustar, mouse, barato"
"297","ok, El peluche llegó incompleto y nadie resolvió. jeje","negativo","peluche incompleto resolver jeje","peluche, incompleto, resolver, jeje"
"298","ok, No sirve el gel, fue dinero perdido. pero bueno","negativo","no servir gel dinero perdido pero bueno","no, servir, gel, dinero, perdido, pero, bueno"
"299","El jabón tardó mucho en llegar y llegó maltratado.","negativo","jabón tardar llegar maltratado","jabón, tardar, llegar, maltratado"
"300","Pésima compra, el vaso falló rápido.","negativo","pésimo comprar vaso fallar rápido","pésimo, comprar, vaso, fallar, rápido"
"301","Normal.","neutro","normal","normal"
"302","Regular.","neutro","regular","regular"
"303","Recibido.","neutro","recibido","recibido"
"304","Cumple.","neutro","cumplir","cumplir"
"305","Sin comentarios.","neutro","sin comentario","sin, comentario"
"306","Todo estándar.","neutro","estándar","estándar"
"307","Es básico.","neutro","básico","básico"
"308","Llegó.","neutro","llegar","llegar"
"309","Funciona.","neutro","funcionar","funcionar"
"310","Producto simple.","neutro","producto simple","producto, simple"
"311","esta normal","neutro","normal","normal"
"312","llego ok","neutro","llego","llego"
"313","sin novedad","neutro","sin novedad","sin, novedad"
"314","ni bien ni mal","neutro","bien","bien"
"315","cumple lo basico","neutro","cumplir basico","cumplir, basico"
"316","es lo que dice","neutro","ser que decir","ser, que, decir"
"317","pedido recibido","neutro","pedido recibido","pedido, recibido"
"318","todo igual","neutro","todo igual","todo, igual"
"319","uso normal","neutro","uso normal","uso, normal"
"320","no destaca","neutro","no destacar","no, destacar"
"321","El producto llegó en la fecha indicada y corresponde a la descripción.","neutro","producto fecha indicado corresponder descripción","producto, fecha, indicado, corresponder, descripción"
"322","El artículo es funcional y cumple con lo básico.","neutro","artículo funcional cumplir básico","artículo, funcional, cumplir, básico"
"323","Recibí el pedido sin problemas adicionales.","neutro","recibir pedido sin problema adicional","recibir, pedido, sin, problema, adicional"
"324","El producto es normal, no destaca pero funciona.","neutro","producto normal no destacar pero funcionar","producto, normal, no, destacar, pero, funcionar"
"325","Llegó en buen estado y con el empaque cerrado.","neutro","buen empaque cerrado","buen, empaque, cerrado"
"326","El artículo es igual al publicado en la tienda.","neutro","artículo publicado tienda","artículo, publicado, tienda"
"327","La compra se realizó sin inconvenientes.","neutro","compra sin inconveniente","compra, sin, inconveniente"
"328","El producto cumple su función de manera estándar.","neutro","producto cumplir función estándar","producto, cumplir, función, estándar"
"329","El envío llegó dentro del tiempo estimado.","neutro","envío tiempo estimado","envío, tiempo, estimado"
"330","El artículo recibido coincide con la orden de compra.","neutro","artículo recibido coincidir orden compra","artículo, recibido, coincidir, orden, compra"
"331","El producto tiene características básicas para uso diario.","neutro","producto característica básico uso diario","producto, característica, básico, uso, diario"
"332","La entrega fue normal y el paquete llegó completo.","neutro","entrega normal paquete completo","entrega, normal, paquete, completo"
"333","El producto funciona como se indica en la descripción.","neutro","producto funcionar indicar descripción","producto, funcionar, indicar, descripción"
"334","No tengo comentarios adicionales sobre el artículo.","neutro","no comentario adicional artículo","no, comentario, adicional, artículo"
"335","El pedido llegó correctamente y sin observaciones.","neutro","pedido correctamente sin observación","pedido, correctamente, sin, observación"
"336","El artículo es adecuado para un uso sencillo.","neutro","artículo adecuar uso sencillo","artículo, adecuar, uso, sencillo"
"337","La talla corresponde a la guía publicada.","neutro","talla corresponder guía publicado","talla, corresponder, guía, publicado"
"338","El producto se recibió en condiciones aceptables.","neutro","producto recibir condición aceptable","producto, recibir, condición, aceptable"
"339","La caja llegó cerrada y el contenido completo.","neutro","caja cerrado contenido completo","caja, cerrado, contenido, completo"
"340","El producto es similar a otros artículos de la misma categoría.","neutro","producto similar artículo categoría","producto, similar, artículo, categoría"
"341","La app permitió completar la compra sin cambios importantes.","neutro","app permitir completar compra sin cambio importante","app, permitir, completar, compra, sin, cambio, importante"
"342","El artículo cumple con las especificaciones generales.","neutro","artículo cumplir especificación general","artículo, cumplir, especificación, general"
"343","El pedido fue entregado en el domicilio registrado.","neutro","pedido entregar domicilio registrado","pedido, entregar, domicilio, registrado"
"344","El producto tiene un diseño común y funcional.","neutro","producto diseño común funcional","producto, diseño, común, funcional"
"345","Recibí el producto y pude usarlo de forma normal.","neutro","recibir producto forma normal","recibir, producto, forma, normal"
"346","El envío se realizó conforme al tiempo señalado.","neutro","envío conforme tiempo señalado","envío, conforme, tiempo, señalado"
"347","El artículo es sencillo y cumple lo necesario.","neutro","artículo sencillo cumplir necesario","artículo, sencillo, cumplir, necesario"
"348","El producto llegó sin daños visibles.","neutro","producto sin daño visible","producto, sin, daño, visible"
"349","La compra quedó registrada correctamente en la app.","neutro","compra registrado correctamente app","compra, registrado, correctamente, app"
"350","El producto corresponde al modelo seleccionado.","neutro","producto corresponder modelo seleccionado","producto, corresponder, modelo, seleccionado"
"351","El artículo funciona de acuerdo con su categoría.","neutro","artículo funcionar categoría","artículo, funcionar, categoría"
"352","El paquete llegó con el contenido esperado.","neutro","paquete contenido esperado","paquete, contenido, esperado"
"353","El producto es de uso básico y presentación regular.","neutro","producto uso básico presentación regular","producto, uso, básico, presentación, regular"
"354","La entrega fue realizada sin incidencias.","neutro","entrega sin incidencia","entrega, sin, incidencia"
"355","El artículo no presenta fallas aparentes.","neutro","artículo no presentar falla aparente","artículo, no, presentar, falla, aparente"
"356","El producto tiene una calidad acorde al precio.","neutro","producto calidad acorde precio","producto, calidad, acorde, precio"
"357","La información de la publicación coincide con el pedido.","neutro","información publicación coincidir pedido","información, publicación, coincidir, pedido"
"358","El producto llegó en condiciones normales.","neutro","producto condición normal","producto, condición, normal"
"359","El envío fue procesado de manera estándar.","neutro","envío procesar estándar","envío, procesar, estándar"
"360","El artículo es correcto para tareas simples.","neutro","artículo correcto tarea simple","artículo, correcto, tarea, simple"
"361","La compra fue completada y el producto fue entregado.","neutro","compra completar producto entregar","compra, completar, producto, entregar"
"362","El producto no tiene características especiales.","neutro","producto no característica especial","producto, no, característica, especial"
"363","El paquete llegó con los accesorios indicados.","neutro","paquete accesorio indicado","paquete, accesorio, indicado"
"364","La prenda corresponde al color seleccionado.","neutro","prenda corresponder color seleccionado","prenda, corresponder, color, seleccionado"
"365","El producto puede utilizarse para lo que fue comprado.","neutro","producto comprar","producto, comprar"
"366","La entrega se completó sin reportes adicionales.","neutro","entrega completar sin report adicional","entrega, completar, sin, report, adicional"
"367","El artículo es como aparece en la descripción.","neutro","artículo aparecer descripción","artículo, aparecer, descripción"
"368","El producto tiene funcionamiento regular.","neutro","producto funcionamiento regular","producto, funcionamiento, regular"
"369","Recibí el pedido completo y sin cambios.","neutro","recibir pedido completo sin cambio","recibir, pedido, completo, sin, cambio"
"370","El producto es adecuado para uso ocasional.","neutro","producto adecuar uso ocasional","producto, adecuar, uso, ocasional"
"371","El artículo llegó con su empaque original.","neutro","artículo empaque original","artículo, empaque, original"
"372","El proceso de compra fue normal.","neutro","proceso compra normal","proceso, compra, normal"
"373","El producto cumple con lo indicado en la ficha.","neutro","producto cumplir indicado ficha","producto, cumplir, indicado, ficha"
"374","La entrega llegó en el horario aproximado.","neutro","entrega horario aproximado","entrega, horario, aproximado"
"375","El artículo se ve igual al mostrado en la publicación.","neutro","artículo mostrado publicación","artículo, mostrado, publicación"
"376","El pedido fue entregado sin modificaciones.","neutro","pedido entregar sin modificación","pedido, entregar, sin, modificación"
"377","El producto tiene un desempeño esperado.","neutro","producto desempeño esperado","producto, desempeño, esperado"
"378","La app mostró correctamente el estado del pedido.","neutro","app mostrar correctamente pedido","app, mostrar, correctamente, pedido"
"379","El artículo llegó en condiciones de uso.","neutro","artículo condición uso","artículo, condición, uso"
"380","El producto es simple y cumple su propósito.","neutro","producto simple cumplir propósito","producto, simple, cumplir, propósito"
"381","La compra no presentó problemas relevantes.","neutro","compra no presentar problema relevante","compra, no, presentar, problema, relevante"
"382","El paquete fue recibido en el tiempo señalado.","neutro","paquete recibir tiempo señalado","paquete, recibir, tiempo, señalado"
"383","El artículo corresponde a la cantidad solicitada.","neutro","artículo corresponder cantidad solicitado","artículo, corresponder, cantidad, solicitado"
"384","El producto es estándar dentro de su tipo.","neutro","producto estándar tipo","producto, estándar, tipo"
"385","La entrega fue registrada como completada.","neutro","entrega registrar completado","entrega, registrar, completado"
"386","El artículo puede usarse sin configuraciones complejas.","neutro","artículo sin configuración complejo","artículo, sin, configuración, complejo"
"387","El producto llegó con la información básica.","neutro","producto información básico","producto, información, básico"
"388","La compra se realizó de manera habitual.","neutro","compra habitual","compra, habitual"
"389","El pedido llegó completo y sin comentarios adicionales.","neutro","pedido completo sin comentario adicional","pedido, completo, sin, comentario, adicional"
"390","El producto tiene un uso sencillo.","neutro","producto uso sencillo","producto, uso, sencillo"
"391","El artículo fue entregado en el plazo indicado.","neutro","artículo entregar plazo indicado","artículo, entregar, plazo, indicado"
"392","La presentación del producto es convencional.","neutro","presentación producto convencional","presentación, producto, convencional"
"393","El producto funciona de forma normal.","neutro","producto funcionar forma normal","producto, funcionar, forma, normal"
"394","El pedido coincide con lo solicitado en la app.","neutro","pedido coincidir solicitado app","pedido, coincidir, solicitado, app"
"395","El artículo llegó correctamente y se puede utilizar.","neutro","artículo correctamente utilizar","artículo, correctamente, utilizar"
"396","El producto fue recibido dentro del periodo estimado; al revisarlo, corresponde al modelo publicado y no se identificaron diferencias importantes.","neutro","producto recibir periodo estimado corresponder modelo publicado no identificar diferencia importante","producto, recibir, periodo, estimado, corresponder, modelo, publicado, no, identificar, diferencia, importante"
"397","La compra se completó de forma habitual, el seguimiento mostró los cambios de estado y el artículo llegó con las características indicadas.","neutro","compra completar forma habitual seguimiento mostrar cambio artículo característica indicado","compra, completar, forma, habitual, seguimiento, mostrar, cambio, artículo, característica, indicado"
"398","El paquete contenía el producto solicitado y los accesorios mencionados en la descripción; no se realizaron observaciones adicionales.","neutro","paquete contener producto solicitado accesorio mencionado descripción no observación adicional","paquete, contener, producto, solicitado, accesorio, mencionado, descripción, no, observación, adicional"
"399","El artículo tiene un funcionamiento básico, suficiente para el uso indicado en la publicación, sin elementos destacables.","neutro","artículo funcionamiento básico suficiente uso indicado publicación sin elemento destacable","artículo, funcionamiento, básico, suficiente, uso, indicado, publicación, sin, elemento, destacable"
"400","La entrega se realizó en el domicilio registrado y el producto coincide con la información general que aparece en la tienda.","neutro","entrega domicilio registrado producto coincidir información general aparecer tienda","entrega, domicilio, registrado, producto, coincidir, información, general, aparecer, tienda"
"401","El pantalón puede usarse para lo indicado.","neutro","pantalón indicado","pantalón, indicado"
"402","El cargador tiene presentación estándar.","neutro","cargador presentación estándar","cargador, presentación, estándar"
"403","sinceramente La compra del secadora se realizó sin cambios.!!!","neutro","sinceramente compra secadora sin cambio","sinceramente, compra, secadora, sin, cambio"
"404","El cargador llegó completo y sin observaciones.","neutro","cargador completo sin observación","cargador, completo, sin, observación"
"405","El teclado llegó en condiciones normales.","neutro","teclado condición normal","teclado, condición, normal"
"406","mmm Recibí el reloj inteligente dentro del tiempo estimado. :)","neutro","mmm recibir reloj inteligente tiempo estimado","mmm, recibir, reloj, inteligente, tiempo, estimado"
"407","El jabón es igual al publicado.","neutro","jabón publicado","jabón, publicado"
"408","La compra del zapatos se realizó sin cambios.","neutro","compra zapato sin cambio","compra, zapato, sin, cambio"
"409","El reloj inteligente llegó completo y sin observaciones.","neutro","reloj inteligente completo sin observación","reloj, inteligente, completo, sin, observación"
"410","El protector solar corresponde a la descripción.","neutro","protector solar corresponder descripción","protector, solar, corresponder, descripción"
"411","El chamarra cumple con lo básico.","neutro","chamarra cumplir básico","chamarra, cumplir, básico"
"412","El cable USB cumple con lo básico.","neutro","cable usb cumplir básico","cable, usb, cumplir, básico"
"413","mmm El gel tiene presentación estándar.!!!","neutro","mmm gel presentación estándar","mmm, gel, presentación, estándar"
"414","pues El taza corresponde a la descripción. jeje","neutro","taza corresponder descripción jeje","taza, corresponder, descripción, jeje"
"415","El mouse cumple con lo básico.","neutro","mouse cumplir básico","mouse, cumplir, básico"
"416","El tablet cumple con lo básico.","neutro","tablet cumplir básico","tablet, cumplir, básico"
"417","El power bank puede usarse para lo indicado.","neutro","power bank indicado","power, bank, indicado"
"418","El muñeca llegó en condiciones normales.","neutro","muñeca condición normal","muñeca, condición, normal"
"419","El olla corresponde a la descripción.","neutro","olla corresponder descripción","olla, corresponder, descripción"
"420","El tablet tiene presentación estándar.","neutro","tablet presentación estándar","tablet, presentación, estándar"
"421","El perfume tiene presentación estándar. en fin","neutro","perfume presentación estándar","perfume, presentación, estándar"
"422","El tabla para picar funciona de manera regular.","neutro","tabla picar funciona regular","tabla, picar, funciona, regular"
"423","El juego de mesa tiene presentación estándar.","neutro","juego mesa presentación estándar","juego, mesa, presentación, estándar"
"424","El juguete funciona de manera regular.","neutro","juguete funcionar regular","juguete, funcionar, regular"
"425","El gorra corresponde a la descripción.","neutro","gorra corresponder descripción","gorra, corresponder, descripción"
"426","El freidora tiene presentación estándar.","neutro","freidora presentación estándar","freidora, presentación, estándar"
"427","El licuadora llegó en condiciones normales.","neutro","licuadora condición normal","licuadora, condición, normal"
"428","El zapatos es igual al publicado.","neutro","zapato publicado","zapato, publicado"
"429","la verdad El cuchillo funciona de manera regular.","neutro","cuchillo funcionar regular","cuchillo, funcionar, regular"
"430","La compra del licuadora se realizó sin cambios.","neutro","compra licuadora sin cambio","compra, licuadora, sin, cambio"
"431","El shampoo tiene presentación estándar.","neutro","shampoo presentación estándar","shampoo, presentación, estándar"
"432","ok, El teclado llegó en condiciones normales. :)","neutro","teclado condición normal","teclado, condición, normal"
"433","El rompecabezas puede usarse para lo indicado.","neutro","rompecabezas indicado","rompecabezas, indicado"
"434","La compra del plancha de cabello se realizó sin cambios.","neutro","compra plancha cabello sin cambio","compra, plancha, cabello, sin, cambio"
"435","la verdad El gorra tiene presentación estándar.","neutro","gorra presentación estándar","gorra, presentación, estándar"
"436","El power bank es igual al publicado.","neutro","power bank publicado","power, bank, publicado"
"437","sinceramente Recibí el chamarra dentro del tiempo estimado. :(","neutro","sinceramente recibir chamarra tiempo estimado","sinceramente, recibir, chamarra, tiempo, estimado"
"438","El molde llegó completo y sin observaciones. :)","neutro","molde completo sin observación","molde, completo, sin, observación"
"439","El camiseta es igual al publicado. :(","neutro","camiseta publicado","camiseta, publicado"
"440","El blusa llegó completo y sin observaciones.","neutro","blusa completo sin observación","blusa, completo, sin, observación"
"441","El audífonos corresponde a la descripción.","neutro","audífono corresponder descripción","audífono, corresponder, descripción"
"442","El carrito tiene presentación estándar. :(","neutro","carrito presentación estándar","carrito, presentación, estándar"
"443","El power bank tiene presentación estándar.","neutro","power bank presentación estándar","power, bank, presentación, estándar"
"444","El freidora corresponde a la descripción.","neutro","freidora corresponder descripción","freidora, corresponder, descripción"
"445","la verdad El short puede usarse para lo indicado.","neutro","short indicado","short, indicado"
"446","La compra del molde se realizó sin cambios.","neutro","compra molde sin cambio","compra, molde, sin, cambio"
"447","El pelota llegó completo y sin observaciones.","neutro","pelota completo sin observación","pelota, completo, sin, observación"
"448","El drone infantil puede usarse para lo indicado.","neutro","drone infantil indicado","drone, infantil, indicado"
"449","El crema cumple con lo básico.!!!","neutro","crema cumplir básico","crema, cumplir, básico"
"450","ok, El mouse llegó completo y sin observaciones. pero bueno","neutro","mouse completo sin observación pero bueno","mouse, completo, sin, observación, pero, bueno"
"451","Bien, pero tarde.","mixto","bien pero tarde","bien, pero, tarde"
"452","Funciona, pero llegó golpeado.","mixto","funcionar pero golpeado","funcionar, pero, golpeado"
"453","Me gustó, pero no tanto.","mixto","gustar pero no","gustar, pero, no"
"454","Bueno aunque caro.","mixto","bueno aunque caro","bueno, aunque, caro"
"455","Sirve, pero raro.","mixto","servir pero raro","servir, pero, raro"
"456","Chido pero tardado.","mixto","chido pero tardado","chido, pero, tardado"
"457","Bonito pero chico.","mixto","bonito pero chico","bonito, pero, chico"
"458","Funciona pero se calienta.","mixto","funcionar pero calentar","funcionar, pero, calentar"
"459","Cumple pero pudo ser mejor.","mixto","cumplir pero mejor","cumplir, pero, mejor"
"460","Ok pero incompleto.","mixto","pero incompleto","pero, incompleto"
"461","esta padre pero tardo","mixto","padre pero tardo","padre, pero, tardo"
"462","funciona bn pero venia golpeado","mixto","funcionar pero venia golpeado","funcionar, pero, venia, golpeado"
"463","me gusto pero llego tarde","mixto","gustar pero llegar tarde","gustar, pero, llegar, tarde"
"464","esta bonito aunq venia sucio","mixto","bonito aunq venia sucio","bonito, aunq, venia, sucio"
"465","sirve pero no es igual","mixto","servir pero no","servir, pero, no"
"466","buen precio pero mala caja","mixto","buen precio pero malo caja","buen, precio, pero, malo, caja"
"467","llego rapido pero rayado","mixto","llego rapido pero rayado","llego, rapido, pero, rayado"
"468","cumple pero esperaba mas","mixto","cumplir pero esperar","cumplir, pero, esperar"
"469","me gusto aunque no al 100","mixto","gusto aunque no","gusto, aunque, no"
"470","esta bien pero no perfecto","mixto","bien pero no perfecto","bien, pero, no, perfecto"
"471","El producto funciona bien, pero llegó con la caja un poco golpeada.","mixto","producto funcionar bien pero caja golpeado","producto, funcionar, bien, pero, caja, golpeado"
"472","Me gustó el diseño, aunque la calidad del material pudo ser mejor.","mixto","gustar diseño aunque calidad material mejor","gustar, diseño, aunque, calidad, material, mejor"
"473","Llegó rápido, pero el color no era exactamente el que pedí.","mixto","rápido pero color no exactamente pedir","rápido, pero, color, no, exactamente, pedir"
"474","La prenda está bonita, pero la talla viene algo reducida.","mixto","prenda bonito pero talla venir reducido","prenda, bonito, pero, talla, venir, reducido"
"475","El cargador funciona, aunque se calienta después de un rato.","mixto","cargador funcionar aunque calentar rato","cargador, funcionar, aunque, calentar, rato"
"476","El juguete le gustó a mi hijo, pero venía sin pilas.","mixto","juguete gustar hijo pero venir sin pila","juguete, gustar, hijo, pero, venir, sin, pila"
"477","La crema huele bien, pero el envase llegó medio abierto.","mixto","crema oler bien pero envase abierto","crema, oler, bien, pero, envase, abierto"
"478","El sartén cocina bien, aunque se raya con facilidad.","mixto","sartén cocín bien aunque rayar facilidad","sartén, cocín, bien, aunque, rayar, facilidad"
"479","El producto es bueno, pero el envío tardó más de lo indicado.","mixto","producto bueno pero envío tardar indicado","producto, bueno, pero, envío, tardar, indicado"
"480","La app es fácil de usar, pero el seguimiento del pedido falló.","mixto","app fácil pero seguimiento pedido fallar","app, fácil, pero, seguimiento, pedido, fallar"
"481","Me gustó el artículo, aunque el empaque venía maltratado.","mixto","gustar artículo aunque empaque venir maltratado","gustar, artículo, aunque, empaque, venir, maltratado"
"482","La bocina suena bien, pero la batería no dura tanto.","mixto","bocina sonar bien pero batería no duro","bocina, sonar, bien, pero, batería, no, duro"
"483","Los tenis son cómodos, aunque el color se ve diferente.","mixto","tenis cómodo aunque color","tenis, cómodo, aunque, color"
"484","El producto cumple, pero esperaba mejores acabados.","mixto","producto cumplir pero esperar mejor acabado","producto, cumplir, pero, esperar, mejor, acabado"
"485","Buen precio, aunque la calidad no es tan alta.","mixto","buen precio aunque calidad no alto","buen, precio, aunque, calidad, no, alto"
"486","El pedido llegó completo, pero un accesorio venía rayado.","mixto","pedido completo pero accesorio venir rayado","pedido, completo, pero, accesorio, venir, rayado"
"487","La mochila es amplia, pero el cierre se siente débil.","mixto","mochilo amplio pero cierre débil","mochilo, amplio, pero, cierre, débil"
"488","El artículo funciona, aunque el manual es confuso.","mixto","artículo funcionar aunque manual confuso","artículo, funcionar, aunque, manual, confuso"
"489","La entrega fue puntual, pero el producto venía sucio.","mixto","entrega puntual pero producto venir sucio","entrega, puntual, pero, producto, venir, sucio"
"490","Me gustó la compra, pero el vendedor tardó en responder.","mixto","gustar compra pero vendedor tardar responder","gustar, compra, pero, vendedor, tardar, responder"
"491","El producto se ve bien, aunque no parece muy resistente.","mixto","producto bien aunque no resistente","producto, bien, aunque, no, resistente"
"492","La camiseta tiene buen diseño, pero la tela es delgada.","mixto","camiseta buen diseño pero tela delgar","camiseta, buen, diseño, pero, tela, delgar"
"493","El reloj es bonito, pero llegó sin pila.","mixto","reloj bonito pero sin pila","reloj, bonito, pero, sin, pila"
"494","El producto funciona correctamente, aunque llegó tarde.","mixto","producto funcionar correctamente aunque tarde","producto, funcionar, correctamente, aunque, tarde"
"495","La calidad es aceptable, pero el precio me parece elevado.","mixto","calidad aceptable pero precio elevado","calidad, aceptable, pero, precio, elevado"
"496","El artículo es útil, aunque el empaque no protegía mucho.","mixto","artículo útil aunque empaque no protegiar","artículo, útil, aunque, empaque, no, protegiar"
"497","La compra fue sencilla, pero el pago tardó en confirmarse.","mixto","compra sencillo pero pago tardar","compra, sencillo, pero, pago, tardar"
"498","El producto llegó bien, aunque faltó una pieza pequeña.","mixto","producto bien aunque faltar pieza pequeño","producto, bien, aunque, faltar, pieza, pequeño"
"499","El diseño me encantó, pero el material se siente frágil.","mixto","diseño encantar pero material frágil","diseño, encantar, pero, material, frágil"
"500","Funciona como esperaba, aunque hace más ruido del normal.","mixto","funcionar esperar aunque ruido normal","funcionar, esperar, aunque, ruido, normal"
"501","El envío fue rápido, pero el producto tenía un pequeño rayón.","mixto","envío rápido pero producto pequeño rayón","envío, rápido, pero, producto, pequeño, rayón"
"502","La crema es buena, pero llegó con poca protección.","mixto","crema buen pero protección","crema, buen, pero, protección"
"503","El juguete está bonito, aunque una parte se desprende fácil.","mixto","juguete bonito aunque desprender fácil","juguete, bonito, aunque, desprender, fácil"
"504","La licuadora tiene buena potencia, pero es muy ruidosa.","mixto","licuadora buen potencia pero ruidoso","licuadora, buen, potencia, pero, ruidoso"
"505","El producto es práctico, pero la instalación fue complicada.","mixto","producto práctico pero instalación complicar","producto, práctico, pero, instalación, complicar"
"506","Me gustó mucho, aunque llegó con un detalle en la pintura.","mixto","gustar aunque detalle pintura","gustar, aunque, detalle, pintura"
"507","La calidad es buena, pero el paquete llegó abierto.","mixto","calidad buen pero paquete abierto","calidad, buen, pero, paquete, abierto"
"508","El artículo sirve, aunque no trae todos los accesorios esperados.","mixto","artículo servir aunque no traer accesorio esperado","artículo, servir, aunque, no, traer, accesorio, esperado"
"509","El vendedor fue amable, pero el envío se demoró varios días.","mixto","vendedor amable pero envío demorar","vendedor, amable, pero, envío, demorar"
"510","El producto es bonito, pero no coincide totalmente con la foto.","mixto","producto bonito pero no coincidir totalmente foto","producto, bonito, pero, no, coincidir, totalmente, foto"
"511","Los audífonos se escuchan bien, aunque el cable parece débil.","mixto","audífono escuchar bien aunque cable débil","audífono, escuchar, bien, aunque, cable, débil"
"512","El pedido llegó completo, pero la caja estaba aplastada.","mixto","pedido completo pero caja aplastado","pedido, completo, pero, caja, aplastado"
"513","La talla me quedó bien, aunque la tela se siente delgada.","mixto","talla bien aunque tela delgado","talla, bien, aunque, tela, delgado"
"514","El producto cumple su función, pero no se ve muy durable.","mixto","producto cumplir función pero no durable","producto, cumplir, función, pero, no, durable"
"515","La app funcionó bien, pero la notificación de entrega llegó tarde.","mixto","app funcionar bien pero notificación entrega tarde","app, funcionar, bien, pero, notificación, entrega, tarde"
"516","El artículo es bueno, aunque el precio pudo ser menor.","mixto","artículo bueno aunque precio menor","artículo, bueno, aunque, precio, menor"
"517","Me gustó el producto, pero tardó mucho en llegar.","mixto","gustar producto pero tardar llegar","gustar, producto, pero, tardar, llegar"
"518","El empaque estaba bonito, aunque el producto tenía polvo.","mixto","empaque bonito aunque producto polvo","empaque, bonito, aunque, producto, polvo"
"519","La bocina tiene buen volumen, pero distorsiona un poco.","mixto","bocina buen volumen pero distorsionar","bocina, buen, volumen, pero, distorsionar"
"520","El producto llegó rápido, pero no venía tan protegido.","mixto","producto rápido pero no venir protegido","producto, rápido, pero, no, venir, protegido"
"521","El sartén funciona bien, aunque el mango se siente flojo.","mixto","sartén funcionar bien aunque mango flojo","sartén, funcionar, bien, aunque, mango, flojo"
"522","La mochila está bonita, pero una costura viene chueca.","mixto","mochilo bonito pero costura venir chueco","mochilo, bonito, pero, costura, venir, chueco"
"523","El artículo es correcto, aunque esperaba mejor presentación.","mixto","artículo correcto aunque esperar mejor presentación","artículo, correcto, aunque, esperar, mejor, presentación"
"524","El producto es funcional, pero el color no me convenció.","mixto","producto funcional pero color no convencer","producto, funcional, pero, color, no, convencer"
"525","La compra fue buena, aunque la atención tardó en contestar.","mixto","compra buen aunque atención tardar contestar","compra, buen, aunque, atención, tardar, contestar"
"526","El reloj se ve elegante, pero la correa es algo rígida.","mixto","reloj elegante pero correa rígido","reloj, elegante, pero, correa, rígido"
"527","El producto llegó completo, aunque el manual venía doblado.","mixto","producto completo aunque manual venir doblado","producto, completo, aunque, manual, venir, doblado"
"528","Los tenis son cómodos, pero el pegamento se nota en una orilla.","mixto","tenis cómodo pero pegamento notar orilla","tenis, cómodo, pero, pegamento, notar, orilla"
"529","El artículo tiene buena apariencia, pero pesa más de lo esperado.","mixto","artículo buen apariencia pero esperado","artículo, buen, apariencia, pero, esperado"
"530","La crema deja buena sensación, aunque el olor es muy fuerte.","mixto","crema dejar buen sensación aunque olor fuerte","crema, dejar, buen, sensación, aunque, olor, fuerte"
"531","Funciona bien, pero el botón principal se siente duro.","mixto","funcionar bien pero botón principal duro","funcionar, bien, pero, botón, principal, duro"
"532","La calidad es decente, aunque no iguala lo que muestran las fotos.","mixto","calidad decente aunque no igualar mostrar foto","calidad, decente, aunque, no, igualar, mostrar, foto"
"533","El producto sirve para lo básico, pero esperaba más funciones.","mixto","producto servir básico pero esperar función","producto, servir, básico, pero, esperar, función"
"534","Me gustó la rapidez del envío, pero el producto tenía un golpe.","mixto","gustar rapidez envío pero producto golpe","gustar, rapidez, envío, pero, producto, golpe"
"535","El artículo llegó en tiempo, aunque el empaque venía abierto.","mixto","artículo tiempo aunque empaque venir abierto","artículo, tiempo, aunque, empaque, venir, abierto"
"536","La prenda está bonita, pero se arruga demasiado fácil.","mixto","prenda bonito pero arrugar fácil","prenda, bonito, pero, arrugar, fácil"
"537","El producto es bueno en general, pero la garantía no venía clara.","mixto","producto bueno general pero garantía no venir","producto, bueno, general, pero, garantía, no, venir"
"538","El vendedor contestó, aunque tardó bastante en solucionar la duda.","mixto","vendedor contestar aunque tardar solucionar duda","vendedor, contestar, aunque, tardar, solucionar, duda"
"539","El artículo llegó bien, pero la calidad del accesorio extra es baja.","mixto","artículo bien pero calidad accesorio extra bajo","artículo, bien, pero, calidad, accesorio, extra, bajo"
"540","La compra fue fácil, pero el producto no era tan grande como esperaba.","mixto","compra fácil pero producto no esperar","compra, fácil, pero, producto, no, esperar"
"541","El producto funciona, aunque la batería baja más rápido de lo anunciado.","mixto","producto funcionar aunque batería bajo rápido anunciado","producto, funcionar, aunque, batería, bajo, rápido, anunciado"
"542","Me gustó el precio, pero el material no se siente premium.","mixto","gustar precio pero material no premium","gustar, precio, pero, material, no, premium"
"543","El envío fue correcto, aunque el producto llegó con una marca pequeña.","mixto","envío correcto aunque producto marca pequeño","envío, correcto, aunque, producto, marca, pequeño"
"544","El artículo cumple, pero requiere más cuidado del que imaginaba.","mixto","artículo cumplir pero requerir cuidado imaginar","artículo, cumplir, pero, requerir, cuidado, imaginar"
"545","El producto me gustó, aunque tuvo detalles que podrían mejorar.","mixto","producto gustar aunque detalle mejorar","producto, gustar, aunque, detalle, mejorar"
"546","El artículo me pareció bueno en general porque funciona y tiene buen diseño, pero el empaque llegó abierto y eso me dejó con duda sobre el manejo del envío.","mixto","artículo parecer bueno general funcionar buen diseño pero empaque abierto duda manejo envío","artículo, parecer, bueno, general, funcionar, buen, diseño, pero, empaque, abierto, duda, manejo, envío"
"547","La experiencia de compra fue sencilla y el producto cumple su función, aunque esperaba una mejor calidad en los materiales y una entrega más cuidada.","mixto","experiencia compra sencillo producto cumplir función aunque esperar mejor calidad material entrega cuidado","experiencia, compra, sencillo, producto, cumplir, función, aunque, esperar, mejor, calidad, material, entrega, cuidado"
"548","Me agradó el producto porque es útil para el día a día, pero la publicación debería explicar mejor el tamaño real y los accesorios incluidos.","mixto","agradar producto útil pero publicación deber explicar mejor tamaño real accesorio incluido","agradar, producto, útil, pero, publicación, deber, explicar, mejor, tamaño, real, accesorio, incluido"
"549","El pedido llegó dentro del tiempo marcado y sí corresponde a lo comprado, pero la caja venía maltratada y el producto tenía una marca pequeña.","mixto","pedido tiempo marcado corresponder comprado pero caja venir maltratado producto marca pequeño","pedido, tiempo, marcado, corresponder, comprado, pero, caja, venir, maltratado, producto, marca, pequeño"
"550","La calidad es aceptable para el precio y funciona bien, aunque después de usarlo noté que algunos acabados podrían mejorar.","mixto","calidad aceptable precio funcionar bien aunque noté acabado mejorar","calidad, aceptable, precio, funcionar, bien, aunque, noté, acabado, mejorar"
"551","pues Me gustó el precio del blusa, pero el material no tanto. :(","mixto","gustar precio blusa pero material no","gustar, precio, blusa, pero, material, no"
"552","Me gustó el precio del mouse, pero el material no tanto.","mixto","gustar precio mouse pero material no","gustar, precio, mouse, pero, material, no"
"553","El rasuradora funciona, pero la batería dura poco.","mixto","rasuradora funcionar pero batería duro","rasuradora, funcionar, pero, batería, duro"
"554","El pantalón es útil, aunque venía incompleto.","mixto","pantalón útil aunque venir incompleto","pantalón, útil, aunque, venir, incompleto"
"555","pues El mouse está bonito, pero se siente frágil. :(","mixto","mouse bonito pero frágil","mouse, bonito, pero, frágil"
"556","ok, Me gustó el precio del gel, pero el material no tanto. :(","mixto","gustar precio gel pero material no","gustar, precio, gel, pero, material, no"
"557","Me gustó el precio del figura, pero el material no tanto. jeje","mixto","gustar precio figura pero material no jeje","gustar, precio, figura, pero, material, no, jeje"
"558","la verdad El zapatos funciona, pero la batería dura poco.","mixto","zapato funcionar pero batería duro","zapato, funcionar, pero, batería, duro"
"559","El freidora cumple, aunque esperaba mejor calidad. pero bueno","mixto","freidora cumplir aunque esperar mejor calidad pero bueno","freidora, cumplir, aunque, esperar, mejor, calidad, pero, bueno"
"560","ok, Me gustó el precio del gorra, pero el material no tanto. pero bueno","mixto","gustar precio gorra pero material no pero bueno","gustar, precio, gorra, pero, material, no, pero, bueno"
"561","Me gustó el precio del muñeca, pero el material no tanto.","mixto","gustar precio muñeca pero material no","gustar, precio, muñeca, pero, material, no"
"562","sinceramente Me gustó el tenis, aunque tardó en llegar. :(","mixto","sinceramente gustar tenis aunque tardar llegar","sinceramente, gustar, tenis, aunque, tardar, llegar"
"563","El jabón sirve, pero no es igual a la foto.","mixto","jabón servir pero no foto","jabón, servir, pero, no, foto"
"564","ok, El zapatos llegó rápido, pero tenía un rayón. en fin","mixto","zapato rápido pero rayón","zapato, rápido, pero, rayón"
"565","El rasuradora funciona bien, pero llegó golpeado.","mixto","rasuradora funcionar bien pero golpeado","rasuradora, funcionar, bien, pero, golpeado"
"566","El chamarra funciona bien, pero llegó golpeado.","mixto","chamarra funcionar bien pero golpeado","chamarra, funcionar, bien, pero, golpeado"
"567","Me gustó el precio del crema, pero el material no tanto.","mixto","gustar precio crema pero material no","gustar, precio, crema, pero, material, no"
"568","El cable USB es útil, aunque venía incompleto.","mixto","cable usb útil aunque venir incompleto","cable, usb, útil, aunque, venir, incompleto"
"569","la verdad Me gustó el precio del power bank, pero el material no tanto.!!!","mixto","gustar precio power bank pero material no","gustar, precio, power, bank, pero, material, no"
"570","El cuchillo funciona bien, pero llegó golpeado.","mixto","cuchillo funcionar bien pero golpeado","cuchillo, funcionar, bien, pero, golpeado"
"571","Me gustó el juego de mesa, aunque tardó en llegar.","mixto","gustar juego mesa aunque tardar llegar","gustar, juego, mesa, aunque, tardar, llegar"
"572","El licuadora está bonito, pero se siente frágil.","mixto","licuadora bonito pero frágil","licuadora, bonito, pero, frágil"
"573","El peluche cumple, aunque esperaba mejor calidad.","mixto","peluche cumplir aunque esperar mejor calidad","peluche, cumplir, aunque, esperar, mejor, calidad"
"574","Buen juego de mesa, pero el empaque venía abierto.","mixto","buen juego mesa pero empaque venir abierto","buen, juego, mesa, pero, empaque, venir, abierto"
"575","El olla funciona, pero la batería dura poco.","mixto","olla funcionar pero batería duro","olla, funcionar, pero, batería, duro"
"576","El protector solar cumple, aunque esperaba mejor calidad.","mixto","protector solar cumplir aunque esperar mejor calidad","protector, solar, cumplir, aunque, esperar, mejor, calidad"
"577","El gorra es útil, aunque venía incompleto.","mixto","gorra útil aunque venir incompleto","gorra, útil, aunque, venir, incompleto"
"578","El taza cumple, aunque esperaba mejor calidad.","mixto","taza cumplir aunque esperar mejor calidad","taza, cumplir, aunque, esperar, mejor, calidad"
"579","El figura está bonito, pero se siente frágil.","mixto","figura bonito pero frágil","figura, bonito, pero, frágil"
"580","El jabón es útil, aunque venía incompleto.","mixto","jabón útil aunque venir incompleto","jabón, útil, aunque, venir, incompleto"
"581","El chamarra llegó rápido, pero tenía un rayón.","mixto","chamarra rápido pero rayón","chamarra, rápido, pero, rayón"
"582","El pantalón sirve, pero no es igual a la foto.","mixto","pantalón servir pero no foto","pantalón, servir, pero, no, foto"
"583","El plancha de cabello llegó rápido, pero tenía un rayón.","mixto","plancha cabello rápido pero rayón","plancha, cabello, rápido, pero, rayón"
"584","El pelota sirve, pero no es igual a la foto.","mixto","pelota servir pero no foto","pelota, servir, pero, no, foto"
"585","sinceramente Me gustó el figura, aunque tardó en llegar.","mixto","sinceramente gustar figura aunque tardar llegar","sinceramente, gustar, figura, aunque, tardar, llegar"
"586","El shampoo sirve, pero no es igual a la foto.","mixto","shampoo servir pero no foto","shampoo, servir, pero, no, foto"
"587","El tabla para picar llegó rápido, pero tenía un rayón.","mixto","tabla picar rápido pero rayón","tabla, picar, rápido, pero, rayón"
"588","El cepillo llegó rápido, pero tenía un rayón.","mixto","cepillo rápido pero rayón","cepillo, rápido, pero, rayón"
"589","El crema llegó rápido, pero tenía un rayón.","mixto","crema rápido pero rayón","crema, rápido, pero, rayón"
"590","El bocina es útil, aunque venía incompleto.","mixto","bocina útil aunque venir incompleto","bocina, útil, aunque, venir, incompleto"
"591","El pantalón cumple, aunque esperaba mejor calidad.","mixto","pantalón cumplir aunque esperar mejor calidad","pantalón, cumplir, aunque, esperar, mejor, calidad"
"592","Me gustó el jabón, aunque tardó en llegar.","mixto","gustar jabón aunque tardar llegar","gustar, jabón, aunque, tardar, llegar"
"593","Me gustó el precio del tenis, pero el material no tanto.","mixto","gustar precio tenis pero material no","gustar, precio, tenis, pero, material, no"
"594","El juguete funciona bien, pero llegó golpeado.","mixto","juguete funcionar bien pero golpeado","juguete, funcionar, bien, pero, golpeado"
"595","ok, El drone infantil llegó rápido, pero tenía un rayón.!!!","mixto","drone infantil rápido pero rayón","drone, infantil, rápido, pero, rayón"
"596","El pelota funciona, pero la batería dura poco.","mixto","pelota funcionar pero batería duro","pelota, funcionar, pero, batería, duro"
"597","pues El lámpara led funciona, pero la batería dura poco. pero bueno","mixto","lámpara led funcionar pero batería duro pero bueno","lámpara, led, funcionar, pero, batería, duro, pero, bueno"
"598","El juego de mesa funciona bien, pero llegó golpeado.","mixto","juego mesa funcionar bien pero golpeado","juego, mesa, funcionar, bien, pero, golpeado"
"599","El mouse está bonito, pero se siente frágil.","mixto","mouse bonito pero frágil","mouse, bonito, pero, frágil"
"600","El short funciona, pero la batería dura poco.","mixto","short funcionar pero batería duro","short, funcionar, pero, batería, duro"
"601","Pensé que por el precio iba a estar regular, sin embargo los audífonos me sorprendieron para bien.","positivo","pensar precio regular sin embargo audífono sorprender bien","pensar, precio, regular, sin, embargo, audífono, sorprender, bien"
"602","No recomiendo la cafetera; desde el primer día empezó a fallar.","negativo","no recomeir cafetera empezar fallar","no, recomeir, cafetera, empezar, fallar"
"603","La plancha llegó en una caja color café y contiene los accesorios mostrados.","neutro","plancha caja color café contener accesorio mostrado","plancha, caja, color, café, contener, accesorio, mostrado"
"604","Cumple, pero pudo estar mejor.","mixto","cumplir pero mejor","cumplir, pero, mejor"
"605","No tengo quejas sobre la licuadora; todo llegó completo y funciona como debe.","positivo","no queja licuadoro completo funcionar","no, queja, licuadoro, completo, funcionar"
"606","La neta salió malo, no duró ni una semana.","negativo","neta salir malo no durar semana","neta, salir, malo, no, durar, semana"
"607","Recibí la licuadora hoy; todavía no hago pruebas.","neutro","recibir licuadora no prueba","recibir, licuadora, no, prueba"
"608","Me gustó el diseño, pero no la sensación del material.","mixto","gustar diseño pero no sensación material","gustar, diseño, pero, no, sensación, material"
"609","Buena compra: práctico, funsional y sin detalles visibles.","positivo","buen compra práctico funsional sin detalle visible","buen, compra, práctico, funsional, sin, detalle, visible"
"610","Aunque se veía bien en las fotos, la bocina llegó con detalles y no funciona correctamente.","negativo","aunque bien foto bocina detalle no funcionar correctamente","aunque, bien, foto, bocina, detalle, no, funcionar, correctamente"
"611","Aún no puedo decir si funciona bien o mal; apenas lo abrí.","neutro","no funcionar bien abrí","no, funcionar, bien, abrí"
"612","No es malo, aunque por el precio esperaba algo mejor.","mixto","no malo aunque precio esperar mejor","no, malo, aunque, precio, esperar, mejor"
"613","No esperaba mucho de la plancha, pero salió muy buena y hasta ahora no me ha fallado.","positivo","no esperar plancha pero salir buen no fallar","no, esperar, plancha, pero, salir, buen, no, fallar"
"614","Muy mal.","negativo","mucho mal","mucho, mal"
"615","Ya lo recibí.","neutro","recibir","recibir"
"616","Está práctico y fácil de usar; sin embargo, el cable incluido es muy corto.","mixto","práctico fácil sin embargo cable incluido corto","práctico, fácil, sin, embargo, cable, incluido, corto"
"617","Hasta ahorita todo bien con el cargador, ya lo usé varias veces y cero problemas.","positivo","ahorito bien cargador usé problema","ahorito, bien, cargador, usé, problema"
"618","No sirve.","negativo","no servir","no, servir"
"619","El color coincide con el que aparece en las fotos.","neutro","color coincidir aparecer foto","color, coincidir, aparecer, foto"
"620","La neta sí sirve, pero no me encantó la calidad del acabado.","mixto","neta servir pero no encantar calidad acabado","neta, servir, pero, no, encantar, calidad, acabado"
"621","Me encantó. No es perfecto, pero por lo que cuesta está excelente.","positivo","encantar no perfecto pero costar excelente","encantar, no, perfecto, pero, costar, excelente"
"622","No hace lo que promete y además se siente de baja calidad.","negativo","no prometer bajo calidad","no, prometer, bajo, calidad"
"623","El material es plástico y tiene acabado mate.","neutro","material plástico acabado mate","material, plástico, acabado, mate"
"624","Está bueno, aunque tiene sus detalles.","mixto","bueno aunque detalle","bueno, aunque, detalle"
"625","La neta sí me gustó el perfume; se siente de buena calidad y cumple con lo que promete.","positivo","neta gustar perfume buen calidad cumplir prometer","neta, gustar, perfume, buen, calidad, cumplir, prometer"
"626","El paquete llegó tarde y la cámara venía golpeada.","negativo","paquete tarde cámara venir golpeado","paquete, tarde, cámara, venir, golpeado"
"627","El envío fue entregado por la tarde.","neutro","envío entregar tarde","envío, entregar, tarde"
"628","El reloj funciona bien, pero el envío llegó tarde y la caja venía maltratada.","mixto","reloj funcionar bien pero envío tarde caja venir maltratado","reloj, funcionar, bien, pero, envío, tarde, caja, venir, maltratado"
"629","Aunque el envío tardó un poco, la cafetera llegó en buenas condiciones y funciona perfecto.","positivo","aunque envío tardar cafetera buena condición funcionar perfecto","aunque, envío, tardar, cafetera, buena, condición, funcionar, perfecto"
"630","Pensé que sería aceptable por el precio, pero fue una mala compra.","negativo","pensar aceptable precio pero malo compra","pensar, aceptable, precio, pero, malo, compra"
"631","Lo compré para uso doméstico.","neutro","comprar uso doméstico","comprar, uso, doméstico"
"632","Me gustó la mochila, aunque el material se siente más barato de lo que esperaba.","mixto","gustar mochila aunque material barato esperar","gustar, mochila, aunque, material, barato, esperar"
"633","No me arrepiento de la compra, ha funcionado mejor de lo que esperaba.","positivo","no arrepientir compra funcionar mejor esperar","no, arrepientir, compra, funcionar, mejor, esperar"
"634","No me gustó nada; se siente frágil y falla seguido.","negativo","no gustar frágil fallar seguido","no, gustar, frágil, fallar, seguido"
"635","Tiene un botón frontal y dos indicadores laterales.","neutro","botón frontal indicador lateral","botón, frontal, indicador, lateral"
"636","La bocina está bonita y funciona, sin embargo llegó con un pequeño golpe.","mixto","bocina bonito funcionar sin embargo pequeño golpe","bocina, bonito, funcionar, sin, embargo, pequeño, golpe"
"637","Llegó bien empacado, sin golpes y funcionando desde el primer momento.","positivo","bien empacado sin golpe funcionar momento","bien, empacado, sin, golpe, funcionar, momento"
"638","El celular funcionó una vez y después ya no quiso prender.","negativo","celular funcionar no querer prender","celular, funcionar, no, querer, prender"
"639","El tamaño es mediano, similar al de la descripción.","neutro","tamaño mediano similar descripción","tamaño, mediano, similar, descripción"
"640","Me gustó mucho, pero la batería dura menos de lo anunciado.","mixto","gustar pero batería duro anunciado","gustar, pero, batería, duro, anunciado"
"641","Sí recomiendo la compra; para uso diario me ha resultado bastante buena.","positivo","recomeir compra uso diario resultar buen","recomeir, compra, uso, diario, resultar, buen"
"642","No volvería a comprarlo, mejor gasten un poco más en otra opción.","negativo","no volver mejor gastar opción","no, volver, mejor, gastar, opción"
"643","No tengo una opinión todavía, solo confirmo que ya recibí el producto.","neutro","no opinión confirmar recibir producto","no, opinión, confirmar, recibir, producto"
"644","No está mal, pero tampoco diría que es excelente.","mixto","no pero excelente","no, pero, excelente"
"645","No pensé decirlo, pero sí valió la pena comprar el teclado.","positivo","no pensar pero valer pena comprar teclado","no, pensar, pero, valer, pena, comprar, teclado"
"646","Aunque intenté usarlo varias veces, nunca funcionó bien.","negativo","aunque intentar nunca funcionar bien","aunque, intentar, nunca, funcionar, bien"
"647","Viene sin baterías incluidas.","neutro","venir sin batería incluido","venir, sin, batería, incluido"
"648","La calidad es buena; aun así, el pedido fue demasiado lento.","mixto","calidad buen pedido lento","calidad, buen, pedido, lento"
"649","La entrega estuvo rápida y la sudadera llegó tal cual se anunciaba.","positivo","entrega rápido sudadera anunciar","entrega, rápido, sudadera, anunciar"
"650","Decepcionante: mala calidad, mal acabado y cero confianza.","negativo","decepcionante malo calidad acabado confianza","decepcionante, malo, calidad, acabado, confianza"
"651","La publicación indica una garantía y el paquete incluye una hoja con instrucciones.","neutro","publicación indicar garantía paquete incluir hoja instrucción","publicación, indicar, garantía, paquete, incluir, hoja, instrucción"
"652","Sí hace su función, aunque a veces se traba.","mixto","función aunque trar","función, aunque, trar"
"653","Los audífonos se ven mejor en persona que en las fotos, muy recomendables.","positivo","audífono mejor persona foto recomendable","audífono, mejor, persona, foto, recomendable"
"654","El power bank llegó incompleto y no pude usarlo como debería.","negativo","power bank incompleto no deber","power, bank, incompleto, no, deber"
"655","Lo pedí en color negro y llegó en color negro.","neutro","pedir color negro color negro","pedir, color, negro, color, negro"
"656","Me gustó el diseño, pero no la sensación del material.","mixto","gustar diseño pero no sensación material","gustar, diseño, pero, no, sensación, material"
"657","Lo probé varios días antes de opinar y el mouse sigue funcionando sin problema.","positivo","prober opinar mouse funcionar sin problema","prober, opinar, mouse, funcionar, sin, problema"
"658","No era lo que anunciaban; en persona se ve mucho más barato.","negativo","no anunciar persona barato","no, anunciar, persona, barato"
"659","Pesa poco y cabe en una mochila estándar.","neutro","caber mochila estándar","caber, mochila, estándar"
"660","Llegó rápido y bien empacado, pero venía un accesorio faltante.","mixto","rápido bien empacado pero venir accesorio faltante","rápido, bien, empacado, pero, venir, accesorio, faltante"
"661","El precio me parecía sospechosamente bajo, pero la compra salió buena.","positivo","precio parecer sospechosamente pero compra salir buen","precio, parecer, sospechosamente, pero, compra, salir, buen"
"662","Se supone que era nuevo, pero parecía usado.","negativo","suponer pero parecer usado","suponer, pero, parecer, usado"
"663","La entrega se realizó en la fecha indicada.","neutro","entrega fecha indicado","entrega, fecha, indicado"
"664","Funciona mejor de lo que esperaba, aunque el manual viene muy confuso.","mixto","funcionar mejor esperar aunque manual venir confuso","funcionar, mejor, esperar, aunque, manual, venir, confuso"
"665","Por fin algo que sí cumple lo que dice la publicación.","positivo","cumplir publicación","cumplir, publicación"
"666","Se calentó demasiado y preferí dejar de usarlo.","negativo","calentar preferir dejar","calentar, preferir, dejar"
"667","El paquete llegó cerrado; falta probar el producto.","neutro","paquete cerrado faltar probar producto","paquete, cerrado, faltar, probar, producto"
"668","El precio es bueno, sin embargo tiene algunos detalles de fabricación.","mixto","precio bueno sin embargo detalle fabricación","precio, bueno, sin, embargo, detalle, fabricación"
"669","La neta sí me gustó la mochila; se siente de buena calidad y cumple con lo que promete.","positivo","neta gustar mochila buen calidad cumplir prometer","neta, gustar, mochila, buen, calidad, cumplir, prometer"
"670","Nada que ver con la descripción, no lo recomiendo.","negativo","descripción no recomeir","descripción, no, recomeir"
"671","No sé si recomendarlo todavía porque apenas lo estoy configurando.","neutro","no configurar","no, configurar"
"672","No me arrepiento de comprarlo, pero sí esperaba un poco más de calidad.","mixto","no arrepientir pero esperar calidad","no, arrepientir, pero, esperar, calidad"
"673","Aunque tenía mis dudas por algunas reseñas, el reloj me salió excelente.","positivo","aunque duda reseña reloj salir excelente","aunque, duda, reseña, reloj, salir, excelente"
"674","El empaque estaba bien, pero por dentro venía dañado.","negativo","empaque bien pero venir dañado","empaque, bien, pero, venir, dañado"
"675","Cuenta con las piezas que se muestran en la imagen.","neutro","pieza mostrar imagen","pieza, mostrar, imagen"
"676","Sirve para lo básico, aunque no se siente muy resistente.","mixto","servir básico aunque no resistente","servir, básico, aunque, no, resistente"
"677","Muy bueno.","positivo","bueno","bueno"
"678","Me arrepentí de comprarlo; no cumplió ni con lo básico.","negativo","arrepentir no cumplir básico","arrepentir, no, cumplir, básico"
"679","La caja presenta información del modelo y número de serie.","neutro","caja presentar información modelo número serie","caja, presentar, información, modelo, número, serie"
"680","La compra estuvo bien en general, pero el color no coincide totalmente con la foto.","mixto","compra bien general pero color no coincidir totalmente foto","compra, bien, general, pero, color, no, coincidir, totalmente, foto"
"681","No es de lujo, pero sí cumple y me dejó satisfecho.","positivo","no lujo pero cumplir satisfecho","no, lujo, pero, cumplir, satisfecho"
"682","No, definitivamente no vale lo que cuesta.","negativo","no definitivamente no valer costar","no, definitivamente, no, valer, costar"
"683","Llegó junto con un cable y una guía rápida.","neutro","cable guía rápido","cable, guía, rápido"
"684","Funciona y se ve bien, pero hace más ruido de lo que pensé.","mixto","funcionar bien pero ruido pensar","funcionar, bien, pero, ruido, pensar"
"685","Me gustó mucho la bocina; es fácil de usar, útil y tiene buen acabado.","positivo","gustar bocina fácil útil buen acabado","gustar, bocina, fácil, útil, buen, acabado"
"686","La calidad es muy mala y el material se siente corriente.","negativo","calidad malo material corriente","calidad, malo, material, corriente"
"687","Hasta ahora solo puedo confirmar que la presentación coincide con la publicación.","neutro","confirmar presentación coincidir publicación","confirmar, presentación, coincidir, publicación"
"688","Llegó completo y a tiempo, aunque una pieza venía ligeramente rayada.","mixto","completo tiempo aunque pieza venir ligeramente rayado","completo, tiempo, aunque, pieza, venir, ligeramente, rayado"
"689","La cámara llegó antes de la fecha y venía muy bien protegida.","positivo","cámara fecha venir bien protegido","cámara, fecha, venir, bien, protegido"
"690","Apenas lo saqué de la caja y ya tenía una pieza floja.","negativo","saqué caja pieza flojo","saqué, caja, pieza, flojo"
"691","La memoria USB llegó en una caja color café y contiene los accesorios mostrados.","neutro","memoria usb caja color café contener accesorio mostrado","memoria, usb, caja, color, café, contener, accesorio, mostrado"
"692","Me encantó al principio, pero después de varios días empezó a presentar fallas pequeñas.","mixto","encantar principio pero empezar presentar falla pequeño","encantar, principio, pero, empezar, presentar, falla, pequeño"
"693","Buena compra: práctico, funcional y sin detalles visibles.","positivo","buen compra práctico funcional sin detalle visible","buen, compra, práctico, funcional, sin, detalle, visible"
"694","Funciona a ratos; para mí eso ya es una falla importante.","negativo","funcionar rato falla importante","funcionar, rato, falla, importante"
"695","Recibí el mouse hoy; todavía no hago pruebas.","neutro","recibir mouse no prueba","recibir, mouse, no, prueba"
"696","No es malo, aunque por el precio esperaba algo mejor.","mixto","no malo aunque precio esperar mejor","no, malo, aunque, precio, esperar, mejor"
"697","10/10, sí lo volvería a comprar.","positivo","volver comprar","volver, comprar"
"698","No cumplió mis expectativas y el soporte tampoco resolvió el problema.","negativo","no cumplir expectativa soporte resolver problema","no, cumplir, expectativa, soporte, resolver, problema"
"699","Las medidas son aproximadamente las indicadas en la publicación.","neutro","medida indicado publicación","medida, indicado, publicación"
"700","Tiene buen desempeño, pero el empaque dejó mucho que desear.","mixto","buen desempeño pero empaque desear","buen, desempeño, pero, empaque, desear"
"701","No esperaba mucho del cable, pero salió muy bueno y hasta ahora no me ha fallado.","positivo","no esperar cable pero salir bueno no fallar","no, esperar, cable, pero, salir, bueno, no, fallar"
"702","No recomiendo el termo; desde el primer día empezó a fallar.","negativo","no recomeir termo empezar fallar","no, recomeir, termo, empezar, fallar"
"703","La caja incluye el producto, un manual y los accesorios correspondientes.","neutro","caja incluir producto manual accesorio correspondiente","caja, incluir, producto, manual, accesorio, correspondiente"
"704","Está práctico y fácil de usar; sin embargo, el cable incluido es muy corto.","mixto","práctico fácil sin embargo cable incluido corto","práctico, fácil, sin, embargo, cable, incluido, corto"
"705","La neta sí me gustó la funda; se siente de buena calidad y cumple con lo que promete.","positivo","neta gustar funda buen calidad cumplir prometer","neta, gustar, funda, buen, calidad, cumplir, prometer"
"706","La neta salió malo, no duró ni una semana.","negativo","neta salir malo no durar semana","neta, salir, malo, no, durar, semana"
"707","Llegó.","neutro","llegar","llegar"
"708","Cumplió con la función principal, pero la calidad de algunos materiales es regular.","mixto","cumplir función principal pero calidad material regular","cumplir, función, principal, pero, calidad, material, regular"
"709","Hasta ahorita todo bien con la memoria USB, ya la usé varias veces y cero problemas.","positivo","ahorito bien memoria usb usé problema","ahorito, bien, memoria, usb, usé, problema"
"710","Aunque se veía bien en las fotos, el teclado llegó con detalles y no funciona correctamente.","negativo","aunque bien foto teclado detalle no funcionar correctamente","aunque, bien, foto, teclado, detalle, no, funcionar, correctamente"
"711","Ya lo recibí.","neutro","recibir","recibir"
"712","Sí lo usaría otra vez, aunque no sé si pagaría el mismo precio.","mixto","aunque no pagar precio","aunque, no, pagar, precio"
"713","No tengo quejas sobre los tenis; todo llegó completo y funciona como debe.","positivo","no queja tenis completo funcionar","no, queja, tenis, completo, funcionar"
"714","Muy mal!!","negativo","mucho mal","mucho, mal"
"715","El color coincide con el que aparece en las fotos.","neutro","color coincidir aparecer foto","color, coincidir, aparecer, foto"
"716","El cargador funciona bien, pero la entrega llegó tarde y la caja venía maltratada.","mixto","cargador funcionar bien pero entrega tarde caja venir maltratado","cargador, funcionar, bien, pero, entrega, tarde, caja, venir, maltratado"
"717","Pensé que por el precio iba a estar regular, sin embargo el ventilador me sorprendió para bien.","positivo","pensar precio regular sin embargo ventilador sorprender bien","pensar, precio, regular, sin, embargo, ventilador, sorprender, bien"
"718","No sirve.","negativo","no servir","no, servir"
"719","El material es plástico y tiene acabado mate.","neutro","material plástico acabado mate","material, plástico, acabado, mate"
"720","Me gustó el perfume, aunque el material se siente más barato de lo que esperaba.","mixto","gustar perfume aunque material barato esperar","gustar, perfume, aunque, material, barato, esperar"
"721","No se siente barato; al contrario, está bastante bien hecho.","positivo","no barato contrario bien","no, barato, contrario, bien"
"722","No hace lo que promete y además se siente de baja calidad.","negativo","no prometer bajo calidad","no, prometer, bajo, calidad"
"723","El pedido fue entregado por la tarde.","neutro","pedido entregar tarde","pedido, entregar, tarde"
"724","La neta sí sirve, pero no me encantó la calidad del acabado.","mixto","neta servir pero no encantar calidad acabado","neta, servir, pero, no, encantar, calidad, acabado"
"725","Aunque la entrega tardó un poco, el termo llegó en buenas condiciones y funciona perfecto.","positivo","aunque entrega tardar termo buena condición funcionar perfecto","aunque, entrega, tardar, termo, buena, condición, funcionar, perfecto"
"726","La entrega llegó tarde y la plancha venía golpeada.","negativo","entrega tarde plancha venir golpeado","entrega, tarde, plancha, venir, golpeado"
"727","Lo compré para uso doméstico.","neutro","comprar uso doméstico","comprar, uso, doméstico"
"728","La funda está bonita y funciona, sin embargo llegó con un pequeño golpe.","mixto","funda bonito funcionar sin embargo pequeño golpe","funda, bonito, funcionar, sin, embargo, pequeño, golpe"
"729","Me encantó. No es perfecto, pero por lo que cuesta está exelente.","positivo","encantar no perfecto pero costar exelente","encantar, no, perfecto, pero, costar, exelente"
"730","Pensé que sería aceptable por el precio, pero fue una mala compra.","negativo","pensar aceptable precio pero malo compra","pensar, aceptable, precio, pero, malo, compra"
"731","Tiene un botón frontal y dos indicadores laterales.","neutro","botón frontal indicador lateral","botón, frontal, indicador, lateral"
"732","Cumple, pero pudo estar mejor.","mixto","cumplir pero mejor","cumplir, pero, mejor"
"733","Sí recomiendo la compra; para uso diario me ha resultado bastante buena.","positivo","recomeir compra uso diario resultar buen","recomeir, compra, uso, diario, resultar, buen"
"734","No me gustó nada; se siente frágil y falla seguido.","negativo","no gustar frágil fallar seguido","no, gustar, frágil, fallar, seguido"
"735","Aún no puedo decir si funciona bien o mal; apenas lo abrí.","neutro","no funcionar bien abrí","no, funcionar, bien, abrí"
"736","Está bueno, aunque tiene sus detalles.","mixto","bueno aunque detalle","bueno, aunque, detalle"
"737","No me arrepiento de la compra, ha funcionado mejor de lo que esperaba.","positivo","no arrepientir compra funcionar mejor esperar","no, arrepientir, compra, funcionar, mejor, esperar"
"738","La bocina funcionó una vez y después ya no quiso prender.","negativo","bocina funcionar no querer prender","bocina, funcionar, no, querer, prender"
"739","El tamaño es mediano, similar al de la descripción.","neutro","tamaño mediano similar descripción","tamaño, mediano, similar, descripción"
"740","Me gustó mucho, pero la batería dura menos de lo anunciado.","mixto","gustar pero batería duro anunciado","gustar, pero, batería, duro, anunciado"
"741","La entrega estuvo rapida y el juguete llegó tal cual se anunciaba.","positivo","entrega rapido juguete anunciar","entrega, rapido, juguete, anunciar"
"742","No volvería a comprarlo, mejor gasten un poco más en otra opción.","negativo","no volver mejor gastar opción","no, volver, mejor, gastar, opción"
"743","No tengo una opinión todavía, solo confirmo que ya recibí el producto.","neutro","no opinión confirmar recibir producto","no, opinión, confirmar, recibir, producto"
"744","No está mal, pero tampoco diría que es excelente.","mixto","no pero excelente","no, pero, excelente"
"745","No pensé decirlo, pero sí valió la pena comprar la rasuradora.","positivo","no pensar pero valer pena comprar rasuradora","no, pensar, pero, valer, pena, comprar, rasuradora"
"746","Aunque intenté usarlo varias veces, nunca funcionó bien.","negativo","aunque intentar nunca funcionar bien","aunque, intentar, nunca, funcionar, bien"
"747","Viene sin baterías incluidas.","neutro","venir sin batería incluido","venir, sin, batería, incluido"
"748","La calidad es buena; aun así, el envío fue demasiado lento.","mixto","calidad buen envío lento","calidad, buen, envío, lento"
"749","La plancha se ve mejor en persona que en las fotos, muy recomendable.","positivo","plancha mejor persona foto recomendable","plancha, mejor, persona, foto, recomendable"
"750","Decepcionante: mala calidad, mal acabado y cero confianza.","negativo","decepcionante malo calidad acabado confianza","decepcionante, malo, calidad, acabado, confianza"
"751","La publicación indica una garantía y el paquete incluye una hoja con instrucciones.","neutro","publicación indicar garantía paquete incluir hoja instrucción","publicación, indicar, garantía, paquete, incluir, hoja, instrucción"
"752","Sí hace su función, aunque a veces se traba.","mixto","función aunque trar","función, aunque, trar"
"753","Lo compré para un familiar y quedó encantado; la almohada cumple muy bien.","positivo","comprar familiar encantado almohada cumplir bien","comprar, familiar, encantado, almohada, cumplir, bien"
"754","La freidora llegó incompleta y no pude usarla como debería.","negativo","freidora incompleta no deber","freidora, incompleta, no, deber"
"755","Lo pedí en color negro y llegó en color negro.","neutro","pedir color negro color negro","pedir, color, negro, color, negro"
"756","Me gustó el diseño, pero no la sensación del material.","mixto","gustar diseño pero no sensación material","gustar, diseño, pero, no, sensación, material"
"757","Aunque tenía mis dudas por algunas reseñas, la crema me salió excelente.","positivo","aunque duda reseña crema salir excelente","aunque, duda, reseña, crema, salir, excelente"
"758","No era lo que anunciaban; en persona se ve mucho más barato.","negativo","no anunciar persona barato","no, anunciar, persona, barato"
"759","Pesa poco y cabe en una mochila estándar.","neutro","caber mochila estándar","caber, mochila, estándar"
"760","Llegó rápido y bien empacado, pero venía un accesorio faltante.","mixto","rápido bien empacado pero venir accesorio faltante","rápido, bien, empacado, pero, venir, accesorio, faltante"
"761","No es de lujo, pero sí cumple y me dejó satisfecho.","positivo","no lujo pero cumplir satisfecho","no, lujo, pero, cumplir, satisfecho"
"762","Se supone que era nuevo, pero parecía usado.","negativo","suponer pero parecer usado","suponer, pero, parecer, usado"
"763","La entrega se realizó en la fecha indicada.","neutro","entrega fecha indicado","entrega, fecha, indicado"
"764","Funciona mejor de lo que esperaba, aunque el manual viene muy confuso.","mixto","funcionar mejor esperar aunque manual venir confuso","funcionar, mejor, esperar, aunque, manual, venir, confuso"
"765","Por fin algo que sí cumple lo que dice la publicación.","positivo","cumplir publicación","cumplir, publicación"
"766","Se calentó demasiado y preferí dejar de usarlo.","negativo","calentar preferir dejar","calentar, preferir, dejar"
"767","El paquete llegó cerrado; falta probar el producto.","neutro","paquete cerrado faltar probar producto","paquete, cerrado, faltar, probar, producto"
"768","El precio es bueno, sin embargo tiene algunos detalles de fabricación.","mixto","precio bueno sin embargo detalle fabricación","precio, bueno, sin, embargo, detalle, fabricación"
"769","Llegó bien empacado, sin golpes y funcionando desde el primer momento.","positivo","bien empacado sin golpe funcionar momento","bien, empacado, sin, golpe, funcionar, momento"
"770","Nada que ver con la descripción, no lo recomiendo.","negativo","descripción no recomeir","descripción, no, recomeir"
"771","No sé si recomendarlo todavía porque apenas lo estoy configurando.","neutro","no configurar","no, configurar"
"772","No me arrepiento de comprarlo, pero sí esperaba un poco más de calidad.","mixto","no arrepientir pero esperar calidad","no, arrepientir, pero, esperar, calidad"
"773","La neta sí me gustó el power bank; se siente de buena calidad y cumple con lo que promete.","positivo","neta gustar power bank buen calidad cumplir prometer","neta, gustar, power, bank, buen, calidad, cumplir, prometer"
"774","El empaque estaba bien, pero por dentro venía dañado.","negativo","empaque bien pero venir dañado","empaque, bien, pero, venir, dañado"
"775","Cuenta con las piezas que se muestran en la imagen.","neutro","pieza mostrar imagen","pieza, mostrar, imagen"
"776","Sirve para lo básico, aunque no se siente muy resistente.","mixto","servir básico aunque no resistente","servir, básico, aunque, no, resistente"
"777","El precio me parecía sospechosamente bajo, pero la compra salió buena.","positivo","precio parecer sospechosamente pero compra salir buen","precio, parecer, sospechosamente, pero, compra, salir, buen"
"778","Me arrepentí de comprarlo; no cumplió ni con lo básico.","negativo","arrepentir no cumplir básico","arrepentir, no, cumplir, básico"
"779","La caja presenta información del modelo y número de serie.","neutro","caja presentar información modelo número serie","caja, presentar, información, modelo, número, serie"
"780","La compra estuvo bien en general, pero el color no coincide totalmente con la foto.","mixto","compra bien general pero color no coincidir totalmente foto","compra, bien, general, pero, color, no, coincidir, totalmente, foto"
"781","Me gustó mucho la freidora; es fácil de usar, útil y tiene buen acabado.","positivo","gustar freidora fácil útil buen acabado","gustar, freidora, fácil, útil, buen, acabado"
"782","No, definitivamente no vale lo que cuesta.","negativo","no definitivamente no valer costar","no, definitivamente, no, valer, costar"
"783","Llegó junto con un cable y una guía rápida.","neutro","cable guía rápido","cable, guía, rápido"
"784","Funciona y se ve bien, pero hace más ruido de lo que pensé.","mixto","funcionar bien pero ruido pensar","funcionar, bien, pero, ruido, pensar"
"785","No tengo quejas sobre la bocina; todo llegó completo y funciona como debe.","positivo","no queja bocina completo funcionar","no, queja, bocina, completo, funcionar"
"786","La calidad es muy mala y el material se siente corriente.","negativo","calidad malo material corriente","calidad, malo, material, corriente"
"787","Hasta ahora solo puedo confirmar que la presentación coincide con la publicación.","neutro","confirmar presentación coincidir publicación","confirmar, presentación, coincidir, publicación"
"788","Llegó completo y a tiempo, aunque una pieza venía ligeramente rayada.","mixto","completo tiempo aunque pieza venir ligeramente rayado","completo, tiempo, aunque, pieza, venir, ligeramente, rayado"
"789","Hasta ahorita todo bien con la cámara, ya la usé varias veces y cero problemas.","positivo","ahorito bien cámara usé problema","ahorito, bien, cámara, usé, problema"
"790","Apenas lo saqué de la caja y ya tenía una pieza floja.","negativo","saqué caja pieza flojo","saqué, caja, pieza, flojo"
"791","La cámara llegó en una caja color café y contiene los accesorios mostrados.","neutro","cámara caja color café contener accesorio mostrado","cámara, caja, color, café, contener, accesorio, mostrado"
"792","Me encantó al principio, pero después de varios días empezó a presentar fallas pequeñas.","mixto","encantar principio pero empezar presentar falla pequeño","encantar, principio, pero, empezar, presentar, falla, pequeño"
"793","Pensé que por el precio iba a estar regular, sin embargo la mochila me sorprendió para bien.","positivo","pensar precio regular sin embargo mochila sorprender bien","pensar, precio, regular, sin, embargo, mochila, sorprender, bien"
"794","Funciona a ratos; para mí eso ya es una falla importante.","negativo","funcionar rato falla importante","funcionar, rato, falla, importante"
"795","Recibí el termo hoy; todavía no hago pruebas.","neutro","recibir termo no prueba","recibir, termo, no, prueba"
"796","No es malo, aunque por el precio esperaba algo mejor.","mixto","no malo aunque precio esperar mejor","no, malo, aunque, precio, esperar, mejor"
"797","Aunque el pedido tardó un poco, la licuadora llegó en buenas condiciones y funciona perfecto.","positivo","aunque pedido tardar licuadora buena condición funcionar perfecto","aunque, pedido, tardar, licuadora, buena, condición, funcionar, perfecto"
"798","No cumplió mis expectativas y el soporte tampoco resolvió el problema.","negativo","no cumplir expectativa soporte resolver problema","no, cumplir, expectativa, soporte, resolver, problema"
"799","Las medidas son aproximadamente las indicadas en la publicación.","neutro","medida indicado publicación","medida, indicado, publicación"
"800","Tiene buen desempeño, pero el empaque dejó mucho que desear.","mixto","buen desempeño pero empaque desear","buen, desempeño, pero, empaque, desear"
"801","Muy bueno!!","positivo","bueno","bueno"
"802","No recomiendo los audífonos; desde el primer día empezaron a fallar.","negativo","no recomeir audífono empezar fallar","no, recomeir, audífono, empezar, fallar"
"803","La caja incluye el producto, un manual y los accesorios correspondientes.","neutro","caja incluir producto manual accesorio correspondiente","caja, incluir, producto, manual, accesorio, correspondiente"
"804","Está práctico y fácil de usar; sin embargo, el cable incluido es muy corto.","mixto","práctico fácil sin embargo cable incluido corto","práctico, fácil, sin, embargo, cable, incluido, corto"
"805","10/10, sí lo volvería a comprar.","positivo","volver comprar","volver, comprar"
"806","La neta salió malo, no duró ni una semana.","negativo","neta salir malo no durar semana","neta, salir, malo, no, durar, semana"
"807","Llegó.","neutro","llegar","llegar"
"808","Cumplió con la función principal, pero la calidad de algunos materiales es regular.","mixto","cumplir función principal pero calidad material regular","cumplir, función, principal, pero, calidad, material, regular"
"809","No esperaba mucho del reloj, pero salió muy bueno y hasta ahora no me ha fallado.","positivo","no esperar reloj pero salir bueno no fallar","no, esperar, reloj, pero, salir, bueno, no, fallar"
"810","Aunque se veía bien en las fotos, el cargador llegó con detalles y no funciona correctamente.","negativo","aunque bien foto cargador detalle no funcionar correctamente","aunque, bien, foto, cargador, detalle, no, funcionar, correctamente"
"811","Ya lo recibí.","neutro","recibir","recibir"
"812","Sí lo usaría otra vez, aunque no sé si pagaría el mismo precio.","mixto","aunque no pagar precio","aunque, no, pagar, precio"
"813","La neta sí me gustó la sudadera; se siente de buena calidad y cumple con lo que promete.","positivo","neta gustar sudadera buen calidad cumplir prometer","neta, gustar, sudadera, buen, calidad, cumplir, prometer"
"814","Muy mal.","negativo","mucho mal","mucho, mal"
"815","El color coincide con el que aparece en las fotos.","neutro","color coincidir aparecer foto","color, coincidir, aparecer, foto"
"816","La cámara funciona bien, pero el paquete llegó tarde y la caja venía maltratada.","mixto","cámara funcionar bien pero paquete tarde caja venir maltratado","cámara, funcionar, bien, pero, paquete, tarde, caja, venir, maltratado"
"817","Buena compra: práctico, funcional y sin detalles visibles.","positivo","buen compra práctico funcional sin detalle visible","buen, compra, práctico, funcional, sin, detalle, visible"
"818","No sirve.","negativo","no servir","no, servir"
"819","El material es plástico y tiene acabado mate.","neutro","material plástico acabado mate","material, plástico, acabado, mate"
"820","Me gustó la playera, aunque el material se siente más barato de lo que esperaba.","mixto","gustar playera aunque material barato esperar","gustar, playera, aunque, material, barato, esperar"
"821","No pensé decirlo, pero sí valió la pena comprar la cafetera.","positivo","no pensar pero valer pena comprar cafetero","no, pensar, pero, valer, pena, comprar, cafetero"
"822","No hace lo que promete y además se siente de baja calidad.","negativo","no prometer bajo calidad","no, prometer, bajo, calidad"
"823","La entrega fue realizada por la tarde.","neutro","entrega tarde","entrega, tarde"
"824","La neta sí sirve, pero no me encantó la calidad del acabado.","mixto","neta servir pero no encantar calidad acabado","neta, servir, pero, no, encantar, calidad, acabado"
"825","El teclado llegó antes de la fecha y venía muy bien protegido.","positivo","teclado fecha venir bien protegido","teclado, fecha, venir, bien, protegido"
"826","El envío llegó tarde y el ventilador venía golpeado.","negativo","envío tarde ventilador venir golpeado","envío, tarde, ventilador, venir, golpeado"
"827","Lo compré para uso doméstico.","neutro","comprar uso doméstico","comprar, uso, doméstico"
"828","El reloj está bonito y funciona, sin embargo llegó con un pequeño golpe.","mixto","reloj bonito funcionar sin embargo pequeño golpe","reloj, bonito, funcionar, sin, embargo, pequeño, golpe"
"829","No se siente barato; al contrario, está bastante bien hecho.","positivo","no barato contrario bien","no, barato, contrario, bien"
"830","Pensé que sería aceptable por el precio, pero fue una mala compra.","negativo","pensar aceptable precio pero malo compra","pensar, aceptable, precio, pero, malo, compra"
"831","Tiene un botón frontal y dos indicadores laterales.","neutro","botón frontal indicador lateral","botón, frontal, indicador, lateral"
"832","Cumple, pero pudo estar mejor.","mixto","cumplir pero mejor","cumplir, pero, mejor"
"833","Lo probé varios días antes de opinar y el cargador sigue funcionando sin problema.","positivo","prober opinar cargador funcionar sin problema","prober, opinar, cargador, funcionar, sin, problema"
"834","No me gustó nada; se siente frágil y falla seguido.","negativo","no gustar frágil fallar seguido","no, gustar, frágil, fallar, seguido"
"835","Aún no puedo decir si funciona bien o mal; apenas lo abrí.","neutro","no funcionar bien abrí","no, funcionar, bien, abrí"
"836","Está bueno, aunque tiene sus detalles.","mixto","bueno aunque detalle","bueno, aunque, detalle"
"837","Me encantó. No es perfecto, pero por lo que cuesta está excelente.","positivo","encantar no perfecto pero costar excelente","encantar, no, perfecto, pero, costar, excelente"
"838","El termo funcionó una vez y después ya no quiso prender.","negativo","termo funcionar no querer prender","termo, funcionar, no, querer, prender"
"839","El tamaño es mediano, similar al de la descripción.","neutro","tamaño mediano similar descripción","tamaño, mediano, similar, descripción"
"840","Me gustó mucho, pero la batería dura menos de lo anunciado.","mixto","gustar pero batería duro anunciado","gustar, pero, batería, duro, anunciado"
"841","Aunque tenía mis dudas por algunas reseñas, el perfume me salió excelente.","positivo","aunque duda reseña perfume salir excelente","aunque, duda, reseña, perfume, salir, excelente"
"842","No volvería a comprarlo, mejor gasten un poco más en otra opción.","negativo","no volver mejor gastar opción","no, volver, mejor, gastar, opción"
"843","No tengo una opinión todavía, solo confirmo que ya recibí el producto.","neutro","no opinión confirmar recibir producto","no, opinión, confirmar, recibir, producto"
"844","No está mal, pero tampoco diría que es excelente.","mixto","no pero excelente","no, pero, excelente"
"845","Sí recomiendo la compra; para uso diario me ha resultado bastante buena.","positivo","recomeir compra uso diario resultar buen","recomeir, compra, uso, diario, resultar, buen"
"846","Aunque intenté usarlo varias veces, nunca funcionó bien.","negativo","aunque intentar nunca funcionar bien","aunque, intentar, nunca, funcionar, bien"
"847","Viene sin baterías incluidas.","neutro","venir sin batería incluido","venir, sin, batería, incluido"
"848","La calidad es buena; aun así, la entrega fue demasiado lenta.","mixto","calidad buen entrega lento","calidad, buen, entrega, lento"
"849","El precio me parecía sospechosamente bajo, pero la compra salió buena.","positivo","precio parecer sospechosamente pero compra salir buen","precio, parecer, sospechosamente, pero, compra, salir, buen"
"850","Decepcionante: mala calidad, mal acabado y cero confianza.","negativo","decepcionante malo calidad acabado confianza","decepcionante, malo, calidad, acabado, confianza"
"851","La publicación indica una garantía y el paquete incluye una hoja con instrucciones.","neutro","publicación indicar garantía paquete incluir hoja instrucción","publicación, indicar, garantía, paquete, incluir, hoja, instrucción"
"852","Sí hace su función, aunque a veces se traba.","mixto","función aunque trar","función, aunque, trar"
"853","La entrega estuvo rápida y la funda llegó tal cual se anunciaba.","positivo","entrega rápido funda anunciar","entrega, rápido, funda, anunciar"
"854","La memoria USB llegó incompleta y no pude usarla como debería.","negativo","memoria usb incompleta no deber","memoria, usb, incompleta, no, deber"
"855","Lo pedí en color negro y llegó en color negro.","neutro","pedir color negro color negro","pedir, color, negro, color, negro"
"856","Me gustó el diseño, pero no la sensación del material.","mixto","gustar diseño pero no sensación material","gustar, diseño, pero, no, sensación, material"
"857","Me gustó mucho el organizador; es fácil de usar, útil y tiene buen acabado.","positivo","gustar organizador fácil útil buen acabado","gustar, organizador, fácil, útil, buen, acabado"
"858","No era lo que anunciaban; en persona se ve mucho más barato.","negativo","no anunciar persona barato","no, anunciar, persona, barato"
"859","Pesa poco y cabe en una mochila estándar.","neutro","caber mochila estándar","caber, mochila, estándar"
"860","Llegó rápido y bien empacado, pero venía un accesorio faltante.","mixto","rápido bien empacado pero venir accesorio faltante","rápido, bien, empacado, pero, venir, accesorio, faltante"
"861","No me arrepiento de la compra, ha funcionado mejor de lo que esperaba.","positivo","no arrepientir compra funcionar mejor esperar","no, arrepientir, compra, funcionar, mejor, esperar"
"862","Se supone que era nuevo, pero parecía usado.","negativo","suponer pero parecer usado","suponer, pero, parecer, usado"
"863","La entrega se realizó en la fecha indicada.","neutro","entrega fecha indicado","entrega, fecha, indicado"
"864","Funciona mejor de lo que esperaba, aunque el manual viene muy confuso.","mixto","funcionar mejor esperar aunque manual venir confuso","funcionar, mejor, esperar, aunque, manual, venir, confuso"
"865","No tengo quejas sobre la lámpara; todo llegó completo y funciona como debe.","positivo","no queja lámpara completo funcionar","no, queja, lámpara, completo, funcionar"
"866","Se calentó demasiado y preferí dejar de usarlo.","negativo","calentar preferir dejar","calentar, preferir, dejar"
"867","El paquete llegó cerrado; falta probar el producto.","neutro","paquete cerrado faltar probar producto","paquete, cerrado, faltar, probar, producto"
"868","El precio es bueno, sin embargo tiene algunos detalles de fabricación.","mixto","precio bueno sin embargo detalle fabricación","precio, bueno, sin, embargo, detalle, fabricación"
"869","Hasta ahorita todo bien con los audífonos, ya los usé varias veces y cero problemas.","positivo","ahorito bien audífono usé problema","ahorito, bien, audífono, usé, problema"
"870","Nada que ver con la descripción, no lo recomiendo.","negativo","descripción no recomeir","descripción, no, recomeir"
"871","No sé si recomendarlo todavía porque apenas lo estoy configurando.","neutro","no configurar","no, configurar"
"872","No me arrepiento de comprarlo, pero sí esperaba un poco más de calidad.","mixto","no arrepientir pero esperar calidad","no, arrepientir, pero, esperar, calidad"
"873","Aunque el envío tardó un poco, el mouse llegó en buenas condiciones y funciona perfecto.","positivo","aunque envío tardar mouse buena condición funcionar perfecto","aunque, envío, tardar, mouse, buena, condición, funcionar, perfecto"
"874","El empaque estaba bien, pero por dentro venía dañado.","negativo","empaque bien pero venir dañado","empaque, bien, pero, venir, dañado"
"875","Cuenta con las piezas que se muestran en la imagen.","neutro","pieza mostrar imagen","pieza, mostrar, imagen"
"876","Sirve para lo básico, aunque no se siente muy resistente.","mixto","servir básico aunque no resistente","servir, básico, aunque, no, resistente"
"877","Por fin algo que sí cumple lo que dice la publicación.","positivo","cumplir publicación","cumplir, publicación"
"878","Me arrepentí de comprarlo; no cumplió ni con lo básico.","negativo","arrepentir no cumplir básico","arrepentir, no, cumplir, básico"
"879","La caja presenta información del modelo y número de serie.","neutro","caja presentar información modelo número serie","caja, presentar, información, modelo, número, serie"
"880","La compra estuvo bien en general, pero el color no coincide totalmente con la foto.","mixto","compra bien general pero color no coincidir totalmente foto","compra, bien, general, pero, color, no, coincidir, totalmente, foto"
"881","Llegó bien empacado, sin golpes y funcionando desde el primer momento.","positivo","bien empacado sin golpe funcionar momento","bien, empacado, sin, golpe, funcionar, momento"
"882","No, definitivamente no vale lo que cuesta.","negativo","no definitivamente no valer costar","no, definitivamente, no, valer, costar"
"883","Llegó junto con un cable y una guía rápida.","neutro","cable guía rápido","cable, guía, rápido"
"884","Funciona y se ve bien, pero hace más ruido de lo que pensé.","mixto","funcionar bien pero ruido pensar","funcionar, bien, pero, ruido, pensar"
"885","No es de lujo, pero sí cumple y me dejó satisfecho.","positivo","no lujo pero cumplir satisfecho","no, lujo, pero, cumplir, satisfecho"
"886","La calidad es muy mala y el material se siente corriente.","negativo","calidad malo material corriente","calidad, malo, material, corriente"
"887","Hasta ahora solo puedo confirmar que la presentación coincide con la publicación.","neutro","confirmar presentación coincidir publicación","confirmar, presentación, coincidir, publicación"
"888","Llegó completo y a tiempo, aunque una pieza venía ligeramente rayada.","mixto","completo tiempo aunque pieza venir ligeramente rayado","completo, tiempo, aunque, pieza, venir, ligeramente, rayado"
"889","La neta sí me gustó la crema; se siente de buena calidad y cumple con lo que promete.","positivo","neta gustar crema buen calidad cumplir prometer","neta, gustar, crema, buen, calidad, cumplir, prometer"
"890","Apenas lo saqué de la caja y ya tenía una pieza floja.","negativo","saqué caja pieza flojo","saqué, caja, pieza, flojo"
"891","El teclado llegó en una caja color café y contiene los accesorios mostrados.","neutro","teclado caja color café contener accesorio mostrado","teclado, caja, color, café, contener, accesorio, mostrado"
"892","Me encantó al principio, pero después de varios días empezó a presentar fallas pequeñas.","mixto","encantar principio pero empezar presentar falla pequeño","encantar, principio, pero, empezar, presentar, falla, pequeño"
"893","Pensé que por el precio iba a estar regular, sin embargo la cámara me sorprendió para bien.","positivo","pensar precio regular sin embargo cámara sorprender bien","pensar, precio, regular, sin, embargo, cámara, sorprender, bien"
"894","Funciona a ratos; para mí eso ya es una falla importante.","negativo","funcionar rato falla importante","funcionar, rato, falla, importante"
"895","Recibí la cámara hoy; todavía no hago pruebas.","neutro","recibir cámara no prueba","recibir, cámara, no, prueba"
"896","No es malo, aunque por el precio esperaba algo mejor.","mixto","no malo aunque precio esperar mejor","no, malo, aunque, precio, esperar, mejor"
"897","Muy bueno...","positivo","bueno","bueno"
"898","No cumplió mis expectativas y el soporte tampoco resolvió el problema.","negativo","no cumplir expectativa soporte resolver problema","no, cumplir, expectativa, soporte, resolver, problema"
"899","Las medidas son aproximadamente las indicadas en la publicación.","neutro","medida indicado publicación","medida, indicado, publicación"
"900","Tiene buen desempeño, pero el empaque dejó mucho que desear.","mixto","buen desempeño pero empaque desear","buen, desempeño, pero, empaque, desear"
"901","Lo compré para un familiar y quedó encantado; el juguete cumple muy bien.","positivo","comprar familiar encantado juguete cumplir bien","comprar, familiar, encantado, juguete, cumplir, bien"
"902","No recomiendo el cargador; desde el primer día empezó a fallar.","negativo","no recomeir cargador empezar fallar","no, recomeir, cargador, empezar, fallar"
"903","La caja incluye el producto, un manual y los accesorios correspondientes.","neutro","caja incluir producto manual accesorio correspondiente","caja, incluir, producto, manual, accesorio, correspondiente"
"904","Está práctico y fácil de usar; sin embargo, el cable incluido es muy corto.","mixto","práctico fácil sin embargo cable incluido corto","práctico, fácil, sin, embargo, cable, incluido, corto"
"905","No esperaba mucho de la cafetera, pero salió muy buena y hasta ahora no me ha fallado.","positivo","no esperar cafetero pero salir buen no fallar","no, esperar, cafetero, pero, salir, buen, no, fallar"
"906","La neta salió malo, no duró ni una semana.","negativo","neta salir malo no durar semana","neta, salir, malo, no, durar, semana"
"907","Llegó.","neutro","llegar","llegar"
"908","Cumplió con la función principal, pero la calidad de algunos materiales es regular.","mixto","cumplir función principal pero calidad material regular","cumplir, función, principal, pero, calidad, material, regular"
"909","Buena compra: práctico, funcional y sin detalles visibles.","positivo","buen compra práctico funcional sin detalle visible","buen, compra, práctico, funcional, sin, detalle, visible"
"910","Aunque se veía bien en las fotos, el perfume llegó con detalles y no funciona correctamente.","negativo","aunque bien foto perfume detalle no funcionar correctamente","aunque, bien, foto, perfume, detalle, no, funcionar, correctamente"
"911","Ya lo recibí.","neutro","recibir","recibir"
"912","Sí lo usaría otra vez, aunque no sé si pagaría el mismo precio.","mixto","aunque no pagar precio","aunque, no, pagar, precio"
"913","No pensé decirlo, pero sí valió la pena comprar el termo.","positivo","no pensar pero valer pena comprar termo","no, pensar, pero, valer, pena, comprar, termo"
"914","Muy mal.","negativo","mucho mal","mucho, mal"
"915","El color coincide con el que aparece en las fotos.","neutro","color coincidir aparecer foto","color, coincidir, aparecer, foto"
"916","La licuadora funciona bien, pero la entrega llegó tarde y la caja venía maltratada.","mixto","licuadora funcionar bien pero entrega tarde caja venir maltratado","licuadora, funcionar, bien, pero, entrega, tarde, caja, venir, maltratado"
"917","La mochila se ve mejor en persona que en las fotos, muy recomendable.","positivo","mochilo mejor persona foto recomendable","mochilo, mejor, persona, foto, recomendable"
"918","No sirve.","negativo","no servir","no, servir"
"919","El material es plástico y tiene acabado mate.","neutro","material plástico acabado mate","material, plástico, acabado, mate"
"920","Me gustaron los tenis, aunque el material se siente más barato de lo que esperaba.","mixto","gustar tenis aunque material barato esperar","gustar, tenis, aunque, material, barato, esperar"
"921","Aunque tenía mis dudas por algunas reseñas, la bocina me salió excelente.","positivo","aunque duda reseña bocina salir excelente","aunque, duda, reseña, bocina, salir, excelente"
"922","No hace lo que promete y además se siente de baja calidad.","negativo","no prometer bajo calidad","no, prometer, bajo, calidad"
"923","El paquete fue entregado por la tarde.","neutro","paquete entregar tarde","paquete, entregar, tarde"
"924","La neta sí sirve, pero no me encantó la calidad del acabado.","mixto","neta servir pero no encantar calidad acabado","neta, servir, pero, no, encantar, calidad, acabado"
"925","Lo probé varios días antes de opinar y el power bank sigue funcionando sin problema.","positivo","prober opinar power bank funcionar sin problema","prober, opinar, power, bank, funcionar, sin, problema"
"926","La entrega llegó tarde y la lámpara venía golpeada.","negativo","entrega tarde lámpara venir golpeado","entrega, tarde, lámpara, venir, golpeado"
"927","Lo compré para uso doméstico.","neutro","comprar uso doméstico","comprar, uso, doméstico"
"928","La cámara está bonita y funciona, sin embargo llegó con un pequeño golpe.","mixto","cámara bonito funcionar sin embargo pequeño golpe","cámara, bonito, funcionar, sin, embargo, pequeño, golpe"
"929","Me encantó. No es perfecto, pero por lo que cuesta está excelente.","positivo","encantar no perfecto pero costar excelente","encantar, no, perfecto, pero, costar, excelente"
"930","Pensé que sería aceptable por el precio, pero fue una mala compra.","negativo","pensar aceptable precio pero malo compra","pensar, aceptable, precio, pero, malo, compra"
"931","Tiene un botón frontal y dos indicadores laterales.","neutro","botón frontal indicador lateral","botón, frontal, indicador, lateral"
"932","Cumple, pero pudo estar mejor.","mixto","cumplir pero mejor","cumplir, pero, mejor"
"933","Sí recomiendo la compra; para uso diario me ha resultado bastante buena.","positivo","recomeir compra uso diario resultar buen","recomeir, compra, uso, diario, resultar, buen"
"934","No me gustó nada; se siente frágil y falla seguido.","negativo","no gustar frágil fallar seguido","no, gustar, frágil, fallar, seguido"
"935","Aún no puedo decir si funciona bien o mal; apenas lo abrí.","neutro","no funcionar bien abrí","no, funcionar, bien, abrí"
"936","Está bueno, aunque tiene sus detalles.","mixto","bueno aunque detalle","bueno, aunque, detalle"
"937","No me arrepiento de la compra, ha funcionado mejor de lo que esperaba.","positivo","no arrepientir compra funcionar mejor esperar","no, arrepientir, compra, funcionar, mejor, esperar"
"938","El ventilador funcionó una vez y después ya no quiso prender.","negativo","ventilador funcionar no querer prender","ventilador, funcionar, no, querer, prender"
"939","El tamaño es mediano, similar al de la descripción.","neutro","tamaño mediano similar descripción","tamaño, mediano, similar, descripción"
"940","Me gustó mucho, pero la batería dura menos de lo anunciado.","mixto","gustar pero batería duro anunciado","gustar, pero, batería, duro, anunciado"
"941","Hasta ahorita todo bien con la lámpara, ya la usé varias veces y cero problemas.","positivo","ahorito bien lámpara usé problema","ahorito, bien, lámpara, usé, problema"
"942","No volvería a comprarlo, mejor gasten un poco más en otra opción.","negativo","no volver mejor gastar opción","no, volver, mejor, gastar, opción"
"943","No tengo una opinión todavía, solo confirmo que ya recibí el producto.","neutro","no opinión confirmar recibir producto","no, opinión, confirmar, recibir, producto"
"944","No está mal, pero tampoco diría que es excelente.","mixto","no pero excelente","no, pero, excelente"
"945","La entrega estuvo rápida y los tenis llegaron tal cual se anunciaban.","positivo","entrega rápido teni llegar anunciar","entrega, rápido, teni, llegar, anunciar"
"946","Aunque intenté usarlo varias veces, nunca funcionó bien.","negativo","aunque intentar nunca funcionar bien","aunque, intentar, nunca, funcionar, bien"
"947","Viene sin baterías incluidas.","neutro","venir sin batería incluido","venir, sin, batería, incluido"
"948","La calidad es buena; aun así, el paquete fue demasiado lento.","mixto","calidad buen paquete lento","calidad, buen, paquete, lento"
"949","No tengo quejas sobre el cable; todo llegó completo y funciona como debe.","positivo","no queja cable completo funcionar","no, queja, cable, completo, funcionar"
"950","Decepcionante: mala calidad, mal acabado y cero confianza.","negativo","decepcionante malo calidad acabado confianza","decepcionante, malo, calidad, acabado, confianza"
"951","La publicación indica una garantía y el paquete incluye una hoja con instrucciones.","neutro","publicación indicar garantía paquete incluir hoja instrucción","publicación, indicar, garantía, paquete, incluir, hoja, instrucción"
"952","Sí hace su función, aunque a veces se traba.","mixto","función aunque trar","función, aunque, trar"
"953","Pensé que por el precio iba a estar regular, sin embargo la plancha me sorprendió para bien.","positivo","pensar precio regular sin embargo plancha sorprender bien","pensar, precio, regular, sin, embargo, plancha, sorprender, bien"
"954","La cafetera llegó incompleta y no pude usarla como debería.","negativo","cafetera incompleta no deber","cafetera, incompleta, no, deber"
"955","Lo pedí en color negro y llegó en color negro.","neutro","pedir color negro color negro","pedir, color, negro, color, negro"
"956","Me gustó el diseño, pero no la sensación del material.","mixto","gustar diseño pero no sensación material","gustar, diseño, pero, no, sensación, material"
"957","El precio me parecía sospechosamente bajo, pero la compra salió buena.","positivo","precio parecer sospechosamente pero compra salir buen","precio, parecer, sospechosamente, pero, compra, salir, buen"
"958","No era lo que anunciaban; en persona se ve mucho más barato.","negativo","no anunciar persona barato","no, anunciar, persona, barato"
"959","Pesa poco y cabe en una mochila estándar.","neutro","caber mochila estándar","caber, mochila, estándar"
"960","Llegó rápido y bien empacado, pero venía un accesorio faltante.","mixto","rápido bien empacado pero venir accesorio faltante","rápido, bien, empacado, pero, venir, accesorio, faltante"
"961","No es de lujo, pero sí cumple y me dejó satisfecho.","positivo","no lujo pero cumplir satisfecho","no, lujo, pero, cumplir, satisfecho"
"962","Se supone que era nuevo, pero parecía usado.","negativo","suponer pero parecer usado","suponer, pero, parecer, usado"
"963","La entrega se realizó en la fecha indicada.","neutro","entrega fecha indicado","entrega, fecha, indicado"
"964","Funciona mejor de lo que esperaba, aunque el manual viene muy confuso.","mixto","funcionar mejor esperar aunque manual venir confuso","funcionar, mejor, esperar, aunque, manual, venir, confuso"
"965","Por fin algo que sí cumple lo que dice la publicación.","positivo","cumplir publicación","cumplir, publicación"
"966","Se calentó demasiado y preferí dejar de usarlo.","negativo","calentar preferir dejar","calentar, preferir, dejar"
"967","El paquete llegó cerrado; falta probar el producto.","neutro","paquete cerrado faltar probar producto","paquete, cerrado, faltar, probar, producto"
"968","El precio es bueno, sin embargo tiene algunos detalles de fabricación.","mixto","precio bueno sin embargo detalle fabricación","precio, bueno, sin, embargo, detalle, fabricación"
"969","La neta sí me gustó la freidora; se siente de buena calidad y cumple con lo que promete.","positivo","neta gustar freidora buen calidad cumplir prometer","neta, gustar, freidora, buen, calidad, cumplir, prometer"
"970","Nada que ver con la descripción, no lo recomiendo.","negativo","descripción no recomeir","descripción, no, recomeir"
"971","No sé si recomendarlo todavía porque apenas lo estoy configurando.","neutro","no configurar","no, configurar"
"972","No me arrepiento de comprarlo, pero sí esperaba un poco más de calidad.","mixto","no arrepientir pero esperar calidad","no, arrepientir, pero, esperar, calidad"
"973","Aunque el paquete tardó un poco, el ventilador llegó en buenas condiciones y funciona perfecto.","positivo","aunque paquete tardar ventilador buena condición funcionar perfecto","aunque, paquete, tardar, ventilador, buena, condición, funcionar, perfecto"
"974","El empaque estaba bien, pero por dentro venía dañado.","negativo","empaque bien pero venir dañado","empaque, bien, pero, venir, dañado"
"975","Cuenta con las piezas que se muestran en la imagen.","neutro","pieza mostrar imagen","pieza, mostrar, imagen"
"976","Sirve para lo básico, aunque no se siente muy resistente.","mixto","servir básico aunque no resistente","servir, básico, aunque, no, resistente"
"977","Llegó bien empacado, sin golpes y funcionando desde el primer momento.","positivo","bien empacado sin golpe funcionar momento","bien, empacado, sin, golpe, funcionar, momento"
"978","Me arrepentí de comprarlo; no cumplió ni con lo básico.","negativo","arrepentir no cumplir básico","arrepentir, no, cumplir, básico"
"979","La caja presenta información del modelo y número de serie.","neutro","caja presentar información modelo número serie","caja, presentar, información, modelo, número, serie"
"980","La compra estuvo bien en general, pero el color no coincide totalmente con la foto.","mixto","compra bien general pero color no coincidir totalmente foto","compra, bien, general, pero, color, no, coincidir, totalmente, foto"
"981","No pensé decirlo, pero sí valió la pena comprar la memoria USB.","positivo","no pensar pero valer pena comprar memoria usb","no, pensar, pero, valer, pena, comprar, memoria, usb"
"982","No, definitivamente no vale lo que cuesta.","negativo","no definitivamente no valer costar","no, definitivamente, no, valer, costar"
"983","Llegó junto con un cable y una guía rápida.","neutro","cable guía rápido","cable, guía, rápido"
"984","Funciona y se ve bien, pero hace más ruido de lo que pensé.","mixto","funcionar bien pero ruido pensar","funcionar, bien, pero, ruido, pensar"
"985","10/10, sí lo volvería a comprar.","positivo","volver comprar","volver, comprar"
"986","La calidad es muy mala y el material se siente corriente.","negativo","calidad malo material corriente","calidad, malo, material, corriente"
"987","Hasta ahora solo puedo confirmar que la presentación coincide con la publicación.","neutro","confirmar presentación coincidir publicación","confirmar, presentación, coincidir, publicación"
"988","Llegó completo y a tiempo, aunque una pieza venía ligeramente rayada.","mixto","completo tiempo aunque pieza venir ligeramente rayado","completo, tiempo, aunque, pieza, venir, ligeramente, rayado"
"989","Me gustó mucho el reloj; es fácil de usar, útil y tiene buen acabado.","positivo","gustar reloj fácil útil buen acabado","gustar, reloj, fácil, útil, buen, acabado"
"990","Apenas lo saqué de la caja y ya tenía una pieza floja.","negativo","saqué caja pieza flojo","saqué, caja, pieza, flojo"
"991","El reloj llegó en una caja color café y contiene los accesorios mostrados.","neutro","reloj caja color café contener accesorio mostrado","reloj, caja, color, café, contener, accesorio, mostrado"
"992","Me encantó al principio, pero después de varios días empezó a presentar fallas pequeñas.","mixto","encantar principio pero empezar presentar falla pequeño","encantar, principio, pero, empezar, presentar, falla, pequeño"
"993","Aunque tenía mis dudas por algunas reseñas, la rasuradora me salió excelente.","positivo","aunque duda reseña rasuradora salir excelente","aunque, duda, reseña, rasuradora, salir, excelente"
"994","Funciona a ratos; para mí eso ya es una falla importante.","negativo","funcionar rato falla importante","funcionar, rato, falla, importante"
"995","Recibí el power bank hoy; todavía no hago pruebas.","neutro","recibir power bank no prueba","recibir, power, bank, no, prueba"
"996","No es malo, aunque por el precio esperaba algo mejor.","mixto","no malo aunque precio esperar mejor","no, malo, aunque, precio, esperar, mejor"
"997","Buena compra: práctico, funcional y sin detalles visibles.","positivo","buen compra práctico funcional sin detalle visible","buen, compra, práctico, funcional, sin, detalle, visible"
"998","No cumplió mis expectativas y el soporte tampoco resolvió el problema.","negativo","no cumplir expectativa soporte resolver problema","no, cumplir, expectativa, soporte, resolver, problema"
"999","Las medidas son aproximadamente las indicadas en la publicación.","neutro","medida indicado publicación","medida, indicado, publicación"
"1000","Tiene buen desempeño, pero el empaque dejó mucho que desear.","mixto","buen desempeño pero empaque desear","buen, desempeño, pero, empaque, desear"
